Clase;Lámina;Asiento;Líneas;Total debe;Total haber;¿Cuadra?;¿Correcto? (contador);Observación
mod1-c1;10;Impacto contable en tiempo real;1105 Caja: D 500.00 / H 0.00 | 2105 Clientes: D 0.00 / H 500.00;500.00;500.00;SÍ;;
mod2-c2;11;Impacto contable de compra;Inventario: D 900.00 / H 0.00 | IVA crédito tributario: D 135.00 / H 0.00 | Proveedores: D 0.00 / H 1035.00;1035.00;1035.00;SÍ;;
mod2-c3;9;Impacto en inventario;Inventario - Cables: D 100 / H 0 | Cuenta de espera de inventario: D 0 / H 100;100.00;100.00;SÍ;;
mod3-c1;6;Asiento: Entrada de mercancías;1305 - Inventario - Mercancías: D 4250.00 / H 0.00 | 1310 - Costos de asignación: D 0.00 / H 4250.00;4250.00;4250.00;SÍ;;
mod3-c1;9;Asiento: Factura de proveedor;1305 - Inventario - Mercancías: D 0.00 / H 0.00 | 4105 - Proveedores: D 0.00 / H 4887.50 | 5105 - Compras: D 4250.00 / H 0.00 | 1315 - IVA crédito tributario: D 637.50 / H 0.00;4887.50;4887.50;SÍ;;
mod3-c1;11;Asiento: Pago efectuado;1105 - Banco - Pichincha Cta Corriente 210001: D 0.00 / H 4887.50 | 4105 - Proveedores: D 4887.50 / H 0.00;4887.50;4887.50;SÍ;;
mod3-c2;8;Asiento generado por entrada;Existencias: D 4320.00 / H 0.00 | Incremento de compensación de stocks: D 0.00 / H 4320.00;4320.00;4320.00;SÍ;;
mod3-c2;10;Asiento generado por salida;Reducción de compensación de stocks: D 125.00 / H 0.00 | Existencias: D 0.00 / H 125.00;125.00;125.00;SÍ;;
mod3-c2;12;Asiento generado por traslado;Existencias Almacén 01: D 1200.00 / H 0.00 | Existencias Almacén 03: D 0.00 / H 1200.00;1200.00;1200.00;SÍ;;
mod3-c4;7;Asiento de entrada de mercancías;Inventario: D 650.00 / H 0.00 | Proveedores: D 0.00 / H 650.00;650.00;650.00;SÍ;;
mod3-c4;9;Asiento de costo de ventas;Costo de Ventas: D 800.20 / H 0.00 | Inventario: D 0.00 / H 800.20;800.20;800.20;SÍ;;
mod3-c5;11;Asiento: Recepción y Factura;140000 Inventario: D 3520.00 / H 0.00 | 605000 Gastos de Envío: D 120.00 / H 0.00 | 606000 Seguro de Carga: D 25.00 / H 0.00 | 215000 IVA Crédito: D 510.00 / H 0.00 | 220000 Proveedores: D 0.00 / H 4175.00;4175.00;4175.00;SÍ;;
mod4-c1;7;Asiento por entrega;Costo de mercancía vendida: D 900.00 / H 0.00 | Existencias: D 0.00 / H 900.00;900.00;900.00;SÍ;;
mod4-c1;9;Asiento por factura;Clientes: D 1252.35 / H 0.00 | Ingresos por ventas: D 0.00 / H 1089.00 | IVA débito fiscal: D 0.00 / H 163.35;1252.35;1252.35;SÍ;;
mod4-c1;11;Asiento por cobro;Banco Pichincha: D 1214.78 / H 0.00 | Descuentos concedidos: D 37.57 / H 0.00 | Clientes: D 0.00 / H 1252.35;1252.35;1252.35;SÍ;;
mod4-c2;11;Asiento por entrega (permanente);Inventario - A00009: D 0.00 / H 360.00 | Variación de existencias: D 360.00 / H 0.00;360.00;360.00;SÍ;;
mod4-c3;7;Asiento por entrega;Inventario - Mercancías: D 0.00 / H 3250.00 | Variación de existencias: D 3250.00 / H 0.00;3250.00;3250.00;SÍ;;
mod4-c3;9;Asiento por factura;Cliente - Maxi-Teq: D 1252.35 / H 0.00 | Ingresos por ventas: D 0.00 / H 1089.00 | IVA débito fiscal: D 0.00 / H 163.35;1252.35;1252.35;SÍ;;
mod4-c3;11;Asiento por cobro;Banco - Pichincha: D 1214.78 / H 0.00 | Descuentos concedidos: D 37.57 / H 0.00 | Cliente - Maxi-Teq: D 0.00 / H 1252.35;1252.35;1252.35;SÍ;;
mod4-c4;7;Asiento contable de devolución;Devoluciones de mercancías: D 225.00 / H 0.00 | Gastos por devoluciones: D 0.00 / H 225.00;225.00;225.00;SÍ;;
mod5-c1;9;Errores comunes y buenas prácticas;Gastos diversos: D 50.00 / H 0.00 | Banco Pichincha: D 0.00 / H 50.00;50.00;50.00;SÍ;;
mod5-c4;6;Impacto en documento de venta;Ingresos por ventas: D 0 / H 765 | IVA débito fiscal: D 0 / H 114.75 | Clientes: D 879.75 / H 0;879.75;879.75;SÍ;;
mod6-c3;9;Asiento contable factura;Clientes: D 86.25 / H 0 | Ingresos por servicios: D 0 / H 75.00 | IVA débito fiscal: D 0 / H 11.25;86.25;86.25;SÍ;;
mod7-c1;8;Asiento: pago a proveedor;2000: D 460.00 / H 0.00 | 1010: D 0.00 / H 460.00;460.00;460.00;SÍ;;
mod7-c3;7;Asiento Automático: Factura Cliente;11050100 Cuentas por Cobrar Clientes: D 977.50 / H  | 41010100 Ingresos por Ventas: D  / H 850.00 | 21040100 IVA Débito Fiscal: D  / H 127.50;977.50;977.50;SÍ;;
mod7-c3;11;Asiento: Gasto de Oficina;51020100 Gastos de Oficina: D 50.00 / H  | 11010200 Caja General: D  / H 50.00;50.00;50.00;SÍ;;
mod7-c4;8;Asiento de cierre de PyG;601000 Gastos de servicios: D 0.00 / H 150.00 | 999999 Cierre de Período: D 150.00 / H 0.00;150.00;150.00;SÍ;;
mod7-c4;9;Asiento a resultados acumulados;999999 Cierre de Período: D 0.00 / H 150.00 | 303000 Resultados Acumulados: D 150.00 / H 0.00;150.00;150.00;SÍ;;
mod8-c1;5;Asiento del cobro recibido;1105 Banco Pichincha Cta Corriente: D 250.00 / H 0.00 | 1105 Clientes Maxi-Teq: D 0.00 / H 250.00;250.00;250.00;SÍ;;
mod8-c1;7;Asiento del cobro con tarjeta;1106 Compensación Tarjetas Crédito: D 105.00 / H 0.00 | 1105 Clientes TechSolutions: D 0.00 / H 105.00;105.00;105.00;SÍ;;
mod8-c1;9;Asiento del depósito;1105 Banco Pichincha Cta Corriente: D 105.00 / H 0.00 | 1106 Compensación Tarjetas Crédito: D 0.00 / H 105.00;105.00;105.00;SÍ;;
mod8-c1;11;Asiento del pago a proveedor;2105 Proveedores Dell Ecuador: D 650.00 / H 0.00 | 1105 Banco Pichincha Cta Corriente: D 0.00 / H 650.00;650.00;650.00;SÍ;;
mod8-c2;9;Asiento Generado por Pago;Proveedores: D 850.00 / H 0.00 | IVA crédito tributario: D 127.50 / H 0.00 | Banco Pichincha Cta Corriente 210001: D 0.00 / H 977.50;977.50;977.50;SÍ;;
mod8-c3;7;Asiento del pago conciliado;Bancos - Cta Corriente 210001: D 0.00 / H 500.00 | Proveedores - V10000 Dell Ecuador: D 500.00 / H 0.00;500.00;500.00;SÍ;;
mod8-c3;12;Asiento de reconciliación interna;Proveedores - V10000 Dell Ecuador: D 500.00 / H 0.00 | Proveedores - V10000 Dell Ecuador: D 0.00 / H 500.00;500.00;500.00;SÍ;;
mod8-c4;6;Impacto en saldos por vencimiento;Cuentas por cobrar: D 0.00 / H 41320.00 | Utilidades retenidas: D 41320.00 / H 0.00;41320.00;41320.00;SÍ;;
mod8-c5;7;Asiento por comisión bancaria;Gastos financieros: D 25.00 / H 0.00 | Bancos: D 0.00 / H 25.00;25.00;25.00;SÍ;;
mod9-c1;9;Asiento de capitalización;150000 - Activo Fijo: D 2550.00 / H 0.00 | 150001 - IVA Crédito: D 382.50 / H 0.00 | 210000 - Proveedores: D 0.00 / H 2932.50;2932.50;2932.50;SÍ;;
mod9-c2;7;Asiento de capitalización;110500 - Maquinaria y equipos: D 6000.00 / H 0.00 | 210500 - Compensación de adquisición: D 0.00 / H 6000.00;6000.00;6000.00;SÍ;;
mod9-c3;7;Asiento de amortización;Gasto por depreciación: D 2000.00 / H 0.00 | Activo fijo - Camiones: D 0.00 / H 2000.00;2000.00;2000.00;SÍ;;
mod9-c3;10;Asiento de ajuste manual;Gasto por depreciación: D 500.00 / H 0.00 | Activo fijo - Camiones: D 0.00 / H 500.00;500.00;500.00;SÍ;;
mod9-c4;6;Asiento por Factura A/R;Clientes: D 28750.00 / H 0.00 | Ingresos por ventas: D 0.00 / H 25000.00 | IVA débito fiscal: D 0.00 / H 3750.00 | Cuenta de activo fijo: D 25000.00 / H 0.00 | Cuenta de compensación de ingresos: D 0.00 / H 25000.00;53750.00;53750.00;SÍ;;
mod10-c2;8;Impacto: consumo de previsión;Previsión de demanda: D 0 / H 90 | Demanda neta para MRP: D 90 / H 0;90.00;90.00;SÍ;;
mod10-c3;11;Asiento por consumo de materiales;Trabajo en Proceso: D 1150.00 / H 0.00 | Inventario Materias Primas: D 0.00 / H 1150.00;1150.00;1150.00;SÍ;;
mod10-c4;9;Impacto contable del pedido;Pedidos de compra: D 0 / H 0 | IVA crédito tributario: D 0 / H 0 | Proveedores: D 0 / H 0;0.00;0.00;SÍ;;
mod11-c1;9;Costo de producción estimado;5105 Costo de producción: D 15.00 / H 0.00 | 1105 Inventario de materiales: D 0.00 / H 8.00 | 6101 Costo de máquina: D 0.00 / H 4.00 | 6102 Costo de mano de obra: D 0.00 / H 3.00;15.00;15.00;SÍ;;
mod11-c2;9;Asiento al cerrar la orden;Inventario de productos terminados: D 8500.00 / H 0.00 | Variación de inventario en proceso: D 0.00 / H 6500.00 | Consumo de materiales: D 0.00 / H 2000.00;8500.00;8500.00;SÍ;;
mod11-c3;5;Asiento: Salida a producción;Trabajo en Proceso - WIP: D 25.00 / H 0.00 | Inventario - Mercancías: D 0.00 / H 25.00;25.00;25.00;SÍ;;
mod11-c3;7;Asiento: Entrada desde producción;Inventario - Productos terminados: D 650.00 / H 0.00 | Trabajo en Proceso - WIP: D 0.00 / H 650.00;650.00;650.00;SÍ;;
mod11-c3;9;Asiento: Varianza de producción;Varianza de Producción: D 20.00 / H 0.00 | Trabajo en Proceso - WIP: D 0.00 / H 20.00;20.00;20.00;SÍ;;
mod11-c4;9;Asiento por factura de horas;Ingresos por servicios: D 0 / H 2000.00 | IVA débito fiscal: D 0 / H 300.00 | Cliente Maxi-Teq: D 2300.00 / H 0;2300.00;2300.00;SÍ;;
mod11-c4;11;Asiento por factura de compra;Costo de hardware: D 2043.48 / H 0 | IVA crédito tributario: D 306.52 / H 0 | Proveedor Dell Ecuador: D 0 / H 2350.00;2350.00;2350.00;SÍ;;
mod12-c1;9;Impacto: consulta guardada;Herramientas de consulta: D 0 / H 0 | Consulta guardada: Pedidos abiertos desde [%0]: D 0 / H 0;0.00;0.00;SÍ;;
mod12-c2;6;Impacto: alerta disparada;Inventario: D 0.00 / H 0.00 | Alertas: D 0.00 / H 0.00;0.00;0.00;SÍ;;
mod12-c4;8;Asiento de ajuste;Inventario: D 0.00 / H 650.00 | Costo de ventas: D 650.00 / H 0.00;650.00;650.00;SÍ;;
mod13-c1;9;Impacto contable del pedido;Compromiso de Gasto: D 340.00 / H 0.00 | Presupuesto Disponible: D 0.00 / H 340.00;340.00;340.00;SÍ;;
mod13-c2;6;Asiento contable generado;6200 - Servicios Profesionales: D 350.00 / H 0.00 | 2100 - Proveedores: D 0.00 / H 350.00;350.00;350.00;SÍ;;
mod13-c3;7;Asiento por devolución;Inventario: D 0.00 / H 1300.00 | Asignación de Costes: D 1300.00 / H 0.00;1300.00;1300.00;SÍ;;
mod13-c3;9;Asiento por abono;Proveedores: D 0.00 / H 1035.00 | Inventario: D 900.00 / H 0.00 | IVA crédito tributario: D 135.00 / H 0.00;1035.00;1035.00;SÍ;;
mod13-c3;11;Asiento abono sin cantidad;Proveedores: D 0.00 / H 100.00 | Asignación de Costes: D 100.00 / H 0.00;100.00;100.00;SÍ;;
mod14-c1;8;Asiento: Compra de HDMI;Inventario: D 1500 / H 0 | IVA crédito tributario: D 225 / H 0 | Proveedor: D 0 / H 1725;1725.00;1725.00;SÍ;;
mod14-c3;8;Asiento por revalorización;Inventario: D 30.00 / H 0.00 | Desviación de costo: D 0.00 / H 30.00;30.00;30.00;SÍ;;
mod14-c4;9;Asiento de ajuste generado;590000 - Gastos Variados - Ajuste: D 200.00 / H 0.00 | 590000 - Gastos Variados - Ajuste: D 0.00 / H 200.00;200.00;200.00;SÍ;;
mod15-c1;6;Impacto contable de la recepción;116505 - Inventario - Mercancías: D 4250 / H 0 | 215005 - IVA Crédito Tributario: D 637.5 / H 0 | 401000 - Proveedores: D 0 / H 4887.5;4887.50;4887.50;SÍ;;
mod15-c1;9;Impacto contable de la entrega;116505 - Inventario - Mercancías: D 0 / H 3400 | 215005 - IVA Débito Fiscal: D 0 / H 510 | 111005 - Clientes: D 3910 / H 0;3910.00;3910.00;SÍ;;
mod15-c3;6;Cálculo de reposición;Stock en ubicación 01-A1-S1-L1: D 0 / H 38 | Necesidad de reposición: D 38 / H 0;38.00;38.00;SÍ;;
mod15-c4;11;Asiento de ajuste;Inventario de Mercancías: D 165.00 / H 0.00 | Variaciones de Inventario: D 0.00 / H 165.00;165.00;165.00;SÍ;;
mod16-c1;8;Asiento por salida de materiales;Inventario - Productos Terminados: D 0 / H 6500.00 | Costo de Producción: D 6500.00 / H 0;6500.00;6500.00;SÍ;;
mod16-c1;10;Asiento por entrada de producto terminado;Inventario - Productos Terminados: D 1700.00 / H 0 | Costo de Producción: D 0 / H 1700.00;1700.00;1700.00;SÍ;;
mod16-c2;10;Impacto contable del traslado;1410 - Inventario: D 0 / H 0 | 1410 - Inventario: D 0 / H 0;0.00;0.00;SÍ;;
mod17-c1;8;Asiento Factura en USD;Ventas: D 0.00 / H 1000.00 | IVA débito fiscal: D 0.00 / H 150.00 | Banco: D 1150.00 / H 0.00;1150.00;1150.00;SÍ;;
mod17-c3;13;Asiento completo y balanceado;6.01 Gasto de nómina: D 1035.94 / H 0 | 6.02 IESS patronal: D 116.18 / H 0 | 6.04 Beneficios sociales: D 159.70 / H 0 | 2.1.05 Sueldos por pagar: D 0 / H 845.57 | 2.1.04 IESS por pagar: D 0 / H 206.55 | 1.1.08 Anticipos al personal: D 0 / H 100.00 | 2.1.07 Beneficios sociales por pagar: D 0 / H 159.70;1311.82;1311.82;SÍ;;
mod17-c4;6;Impacto del Balance: Activo Circulante;1105 Bancos: D 899.60 / H 0.00 | 1135 Inventario: D 100.40 / H 0.00 | 2105 Proveedores: D 0.00 / H 200.00 | 3100 Capital Social: D 0.00 / H 800.00;1000.00;1000.00;SÍ;;
mod17-c4;8;Balance de Sumas y Saldos: Verificación de Equilibrio;1105 Bancos: D 1200.00 / H 300.00 | 1135 Inventario: D 450.00 / H 100.00 | 4100 Ventas: D 0.00 / H 2000.00 | 5100 Costo de Ventas: D 800.00 / H 0.00 | 6100 Gastos Administrativos: D 350.00 / H 0.00 | 2105 Proveedores: D 100.00 / H 0.00 | 3100 Utilidades Retenidas: D 0.00 / H 500.00;2900.00;2900.00;SÍ;;
mod17-c4;10;Impacto en Pérdidas y Ganancias: Factura de Cliente;1105 Bancos: D 0.00 / H 0.00 | 1150 Clientes: D 977.50 / H 0.00 | 4100 Ventas: D 0.00 / H 850.00 | 2150 IVA Débito Fiscal: D 0.00 / H 127.50;977.50;977.50;SÍ;;
mod18-c1;8;Asiento de electricidad;6200 Gastos de electricidad: D 500.00 / H 0.00 | 1010 Banco Pichincha: D 0.00 / H 500.00;500.00;500.00;SÍ;;
mod18-c2;8;Asiento de gasto distribuido;606000 Electricidad: D 150.00 / H 0.00 | 210000 Proveedores: D 0.00 / H 150.00;150.00;150.00;SÍ;;
mod19-c1;6;Asiento por factura de proveedor;Inventario: D 1700.00 / H 0.00 | IVA Crédito Tributario: D 255.00 / H 0.00 | Proveedores: D 0.00 / H 1955.00;1955.00;1955.00;SÍ;;
mod19-c2;7;Asiento generado por factura;Inventario: D 1700.00 / H 0.00 | IVA crédito tributario: D 255.00 / H 0.00 | Proveedores: D 0.00 / H 1844.50 | Retención IVA pagar: D 0.00 / H 76.50 | Retención Renta pagar: D 0.00 / H 34.00;1955.00;1955.00;SÍ;;
mod19-c3;7;Asiento generado por la factura;Inventario: D 1700.00 / H 0.00 | IVA crédito tributario: D 255.00 / H 0.00 | Retenciones de IVA por pagar: D 0.00 / H 76.50 | Proveedores: D 0.00 / H 1878.50;1955.00;1955.00;SÍ;;
mod19-c4;7;Asiento generado por la factura;Inventario de mercaderías: D 2550.00 / H 0.00 | IVA crédito tributario: D 382.50 / H 0.00 | Retención renta por pagar: D 0.00 / H 51.00 | Retención IVA por pagar: D 0.00 / H 114.75 | Proveedores (Dell Ecuador): D 0.00 / H 2766.75;2932.50;2932.50;SÍ;;
mod19-c5;8;Asiento contable generado;Compras: D 1700.00 / H 0.00 | IVA crédito tributario: D 255.00 / H 0.00 | Proveedores: D 0.00 / H 1844.50 | Retención Fuente por pagar: D 0.00 / H 34.00 | Retención IVA por pagar: D 0.00 / H 76.50;1955.00;1955.00;SÍ;;
mod19-c6;6;Asiento de nota de débito;Inventario: D 850.00 / H 0.00 | IVA crédito tributario: D 127.50 / H 0.00 | Proveedores: D 0.00 / H 977.50;977.50;977.50;SÍ;;
mod19-c6;10;Asiento de liquidación de compra;Inventario: D 360.00 / H 0.00 | IVA crédito tributario: D 54.00 / H 0.00 | Retenciones de IVA por pagar: D 0.00 / H 54.00 | Banco: D 0.00 / H 360.00;414.00;414.00;SÍ;;
mod19-c7;9;Impacto contable: compra a Emprendedor;Inventario: D 250.00 / H 0.00 | IVA crédito tributario: D 37.50 / H 0.00 | Proveedores: D 0.00 / H 273.75 | Retenciones de renta por pagar: D 0.00 / H 2.50 | Retenciones de IVA por pagar: D 0.00 / H 11.25;287.50;287.50;SÍ;;
mod19-c7;12;Impacto contable: compra a Negocio Popular;Inventario: D 50.00 / H 0.00 | Proveedores: D 0.00 / H 50.00;50.00;50.00;SÍ;;
mod20-c1;9;Errores comunes;Capacidad no planificada: D 0 / H 0 | Recurso mal configurado: D 0 / H 0;0.00;0.00;SÍ;;
mod20-c2;8;Impacto: consumo de capacidad;Capacidad Disponible MAQUINA01: D 0 / H 6 | Capacidad Consumida MAQUINA01: D 6 / H 0;6.00;6.00;SÍ;;
mod20-c3;9;Confirmar producción finalizada;Inventario productos terminados: D 850.00 / H 0.00 | Inventario materiales primos: D 0.00 / H 650.00 | Mano de obra directa: D 0.00 / H 100.00 | Gastos de fabricación indirectos: D 0.00 / H 100.00;850.00;850.00;SÍ;;
mod21-c2;11;No aplica: diseño;No genera: D 0 / H 0 | asiento contable: D 0 / H 0;0.00;0.00;SÍ;;
mod21-c5;6;Impacto: cuenta creada;Usuario JGARCIA: D Activo / H - | Vinculado a E001: D Sí / H -;0.00;0.00;SÍ;;
mod21-c6;6;Impacto: alerta activada;Gastos de monitoreo: D 0 / H 0 | No genera asiento: D 0 / H 0;0.00;0.00;SÍ;;
mod23-c1;8;Asiento de saldo de apertura;101000: D 15000.00 / H 0.00 | 310000: D 0.00 / H 15000.00;15000.00;15000.00;SÍ;;
mod23-c2;7;Impacto: usuario creado;Gastos de capacitación: D 0 / H 0 | Usuario director: D 0 / H 0;0.00;0.00;SÍ;;
mod23-c3;6;Asiento generado por inventario;Inventario: D 6500.00 / H 0.00 | Patrimonio - Saldos de apertura: D 0.00 / H 6500.00;6500.00;6500.00;SÍ;;
mod23-c3;8;Asiento de apertura de caja;Caja: D 1500.00 / H 0.00 | Patrimonio - Saldos de apertura: D 0.00 / H 1500.00;1500.00;1500.00;SÍ;;
mod23-c3;10;Asiento de apertura de cliente;Clientes: D 2000.00 / H 0.00 | Patrimonio - Saldos de apertura: D 0.00 / H 2000.00;2000.00;2000.00;SÍ;;
mod23-c4;8;Resultado: Artículos copiados;1210 - Inventario de Mercancías: D 1800.00 / H 0.00 | 2120 - Proveedores: D 0.00 / H 1800.00;1800.00;1800.00;SÍ;;
mod23-c4;13;Asiento generado por pedido;1210 - Inventario de Mercancías: D 0.00 / H 0.00 | 2120 - Clientes: D 0.00 / H 0.00;0.00;0.00;SÍ;;
mod24-c2;8;Asiento por entrada de mercancías;Existencias - Mercancías: D 8500.00 / H 0.00 | Compensación EM/RF: D 0.00 / H 8500.00;8500.00;8500.00;SÍ;;
mod24-c2;10;Asiento por factura de proveedor;Compensación EM/RF: D 8500.00 / H 0.00 | IVA crédito tributario: D 1275.00 / H 0.00 | Proveedores: D 0.00 / H 9775.00;9775.00;9775.00;SÍ;;
mod24-c2;12;Asiento por pago efectuado;Proveedores: D 9775.00 / H 0.00 | Banco Pichincha Cta Corriente 210001: D 0.00 / H 9775.00;9775.00;9775.00;SÍ;;
mod25-c1;7;Asiento contable del rol;6.01 Gasto de nómina: D 600.00 / H 0 | 6.02 IESS patronal: D 72.90 / H 0 | 6.04 Beneficios sociales: D 115.17 / H 0 | 2.1.05 Sueldos por pagar: D 0 / H 543.30 | 2.1.04 IESS por pagar: D 0 / H 129.60 | 2.1.07 Beneficios sociales por pagar: D 0 / H 115.17;788.07;788.07;SÍ;;
mod25-c2;6;Asiento del rol de María;6.01 Gasto de nómina: D 1.035,94 / H 0,00 | 6.02 IESS patronal: D 116,18 / H 0,00 | 6.04 Beneficios sociales: D 159,70 / H 0,00 | 2.1.05 Sueldos por pagar: D 0,00 / H 845,57 | 2.1.04 IESS por pagar: D 0,00 / H 206,55 | 1.1.08 Anticipos al personal: D 0,00 / H 100,00 | 2.1.07 Beneficios sociales por pagar: D 0,00 / H 159,70;27589.04;131182.00;NO;;
mod25-c2;8;Asiento del rol de Ana;6.01 Gasto de nómina: D 562,34 / H 0,00 | 6.02 IESS patronal: D 58,56 / H 0,00 | 6.04 Beneficios sociales: D 20,08 / H 0,00 | 2.1.05 Sueldos por pagar: D 0,00 / H 516,79 | 2.1.04 IESS por pagar: D 0,00 / H 104,11 | 2.1.07 Beneficios sociales por pagar: D 0,00 / H 20,08;64098.00;64098.00;SÍ;;
mod25-c3;6;Asiento rol Carlos López mayo;6.01 Gasto de nómina: D 800,00 / H 0,00 | 6.02 IESS patronal: D 97,20 / H 0,00 | 6.04 Beneficios sociales: D 206,84 / H 0,00 | 2.1.05 Sueldos por pagar: D 0,00 / H 724,40 | 2.1.04 IESS por pagar: D 0,00 / H 172,80 | 2.1.07 Beneficios sociales por pagar: D 0,00 / H 206,84;110404.00;110404.00;SÍ;;
mod25-c4;6;Asiento contable del rol;6.01 Gasto de nómina: D 1.035,94 / H 0,00 | 6.02 IESS patronal: D 116,18 / H 0,00 | 6.04 Beneficios sociales: D 159,70 / H 0,00 | 2.1.05 Sueldos por pagar: D 0,00 / H 845,57 | 2.1.04 IESS por pagar: D 0,00 / H 206,55 | 1.1.08 Anticipos al personal: D 0,00 / H 100,00 | 2.1.07 Beneficios sociales por pagar: D 0,00 / H 159,70;27589.04;131182.00;NO;;
mod25-c5;6;Asiento del rol con comisión;6.01 Gasto de nómina: D 1.625,00 / H 0,00 | 6.02 IESS patronal: D 182,25 / H 0,00 | 6.04 Beneficios sociales: D 227,67 / H 0,00 | 2.1.05 Sueldos por pagar: D 0,00 / H 1.483,25 | 2.1.04 IESS por pagar: D 0,00 / H 324,00 | 2.1.07 Beneficios sociales por pagar: D 0,00 / H 227,67;40993.62;55168.48;NO;;
