Clase;Título de la clase;Lámina;Práctica;Ruta de menú en SAP B1;Campos y valores;¿Existe la ruta y el campo? (SAP);Observación
mod1-c1;¿Qué es SAP Business One?;7;Registrar los detalles de tu empresa;Gestión > Inicialización del sistema > Detalles de la empresa;"Nombre de la empresa = Mi Empresa S.A.; Dirección = Av. Amazonas N24-03, Quito; Teléfono 1 = 022345678; Moneda local = USD";;
mod1-c1;¿Qué es SAP Business One?;8;Consultar artículo en stock;Inventario > Datos maestros de artículo;"Código = A00001; Descripción = Laptop Dell Latitude 3420; Precio = 850.00; Costo = 650.00; Bodega = 01; IVA = IVA 15%";;
mod1-c2;Primeros Pasos: Inicio de Sesión, Escritorio y Cockpit;5;Iniciar sesión en B1 Center;Gestión > Seleccionar empresa;"Usuario = manager; Contraseña = B1Admin2026; Empresa = B1 Center";;
mod1-c2;Primeros Pasos: Inicio de Sesión, Escritorio y Cockpit;10;Crear tu propio cockpit;Herramientas > Cockpit > Gestión de Cockpit;"Nombre del cockpit = Mi Cockpit Ventas; Descripción = Cockpit del área de ventas; Cockpit predeterminado = Sí";;
mod1-c3;Documentos y Datos Maestros;5;Crear nuevo cliente;Interlocutores comerciales > Datos maestros interlocutor comercial;"Código = C20005; Nombre = NovaTech; Ciudad = Cuenca; Condición de pago = 30 días; Lista de precios = Lista 1";;
mod1-c3;Documentos y Datos Maestros;6;Crear nuevo artículo;Inventario > Datos maestros de artículo;"Código = A00013; Descripción = Teclado Inalámbrico Genérico; Costo = 20.00; Precio de venta = 35.00; Impuesto de venta = IVA 15%; Bodega por defecto = 01";;
mod1-c4;Preferencias de Usuario y Búsquedas;5;Ajustar formatos de visualización;Gestión > Inicialización del sistema > Parametrizaciones generales;"Formato de fecha = DD/MM/AAAA; Separador decimal = .; Separador de miles = ,; Decimales en importes = 2";;
mod1-c4;Preferencias de Usuario y Búsquedas;8;Buscar un cliente existente;Socios de negocios > Datos maestros de socios de negocios;"Tipo = Cliente; Nombre = Maxi-Teq; Ciudad = Quito";;
mod2-c1;Socio de Negocios (OCRD);5;Crear grupo de clientes;Gestión > Configuración > Interlocutores comerciales > Grupos de clientes;"Código de grupo = EDU; Nombre del grupo = Escuelas; Lista de precio predeterminada = Lista Especial EDU";;
mod2-c1;Socio de Negocios (OCRD);6;Registrar cliente potencial;Interlocutores comerciales > Datos maestros interlocutor comercial;"Código = C30000; Nombre = Maxi-Teq; Grupo de clientes = EDU; Ciudad = Quito; Clase = Cliente potencial";;
mod2-c1;Socio de Negocios (OCRD);7;Convertir potencial a cliente;Interlocutores comerciales > Datos maestros interlocutor comercial;"Código = C30000; Nombre = Maxi-Teq; Grupo de clientes = EDU; Ciudad = Quito; Clase = Cliente";;
mod2-c1;Socio de Negocios (OCRD);8;Vincular cliente y proveedor;Interlocutores comerciales > Datos maestros interlocutor comercial;"Código = V10000; Nombre = Dell Ecuador; Cliente conectado = C20000; Clase = Proveedor";;
mod2-c2;Datos Maestros de Artículo (OITM);5;Crear artículo maestro;Inventario > Datos maestros de artículo;"Código = A0013; Descripción = Laptop Gamer RGB; Descripción 2 = Equipo alto rendimiento; Grupo de artículos = HARDWARE; Clase de artículos = 100; Tipo de artículo = Material";;
mod2-c2;Datos Maestros de Artículo (OITM);6;Definir categorías;Inventario > Datos maestros de artículo;"Código = A0013; Compra = Sí; Venta = Sí; Inventario = Sí; Servicio = No; Fabricación = No";;
mod2-c2;Datos Maestros de Artículo (OITM);7;Configurar ficha de venta;Inventario > Datos maestros de artículo;"Código = A0013; Unidad de medida = Unidad; Precio de venta = 1200.00; Lista de precios = 1; Impuesto de venta = IVA 15%; Impuesto aplicado = Sí";;
mod2-c2;Datos Maestros de Artículo (OITM);8;Configurar ficha de compra;Inventario > Datos maestros de artículo;"Código = A0013; Unidad de medida = Unidad; Precio de compra = 900.00; Proveedor preferente = V10000; Catálogo del fabricante = Dell-GamerX; Impuesto de compra = IVA 15%";;
mod2-c2;Datos Maestros de Artículo (OITM);9;Revisar inventario;Inventario > Datos maestros de artículo;"Código = A0013; Almacén predeterminado = 01; Stock inicial = 0; Comprometido = 0; Solicitado = 0; Disponible = 0";;
mod2-c2;Datos Maestros de Artículo (OITM);10;Ver grupo de artículos;Gestión > Definición > Inventario > Grupos de artículos;"Código = HARDWARE; Descripción = Equipos y componentes; Tipo de artículo = Material; Unidad de medida = Unidad; Método de aprovisionamiento = Comprar; Almacén predeterminado = 01";;
mod2-c3;Gestión de Unidades de Medida;5;Definir unidades básicas;Gestión > Definición > Inventario > Unidades de medida > Unidades de medida;"Código = MT; Nombre = Metro; Código (línea 2) = RL; Nombre (línea 2) = Rollo; Código (línea 3) = BB; Nombre (línea 3) = Bobina";;
mod2-c3;Gestión de Unidades de Medida;6;Crear grupo de UM;Gestión > Definición > Inventario > Unidades de medida > Grupos de unidades de medida;"Grupo = CABLES; Descripción = Cables de red; Unidad base = Metro; Rollo = 100; Bobina = 50; Metro = 1";;
mod2-c3;Gestión de Unidades de Medida;7;Asignar grupo a familia;Gestión > Definición > Inventario > Grupos de artículos;"Grupo = CABLES-FAM; Descripción = Familia de cables; Grupo UM = CABLES; UM Inventario = Metro";;
mod2-c3;Gestión de Unidades de Medida;8;Configurar artículo;Inventario > Datos maestros de artículo > Pestaña General;"Código = C00001; Descripción = Cable UTP Cat6 24Puertos; Grupo = CABLES-FAM; UM Inventario = Metro; UM Compra = Rollo; UM Venta = Bobina";;
mod2-c4;Determinación Estándar de Precios;5;Crear lista de precios;Inventario > Listas de precios > Listas de precios;"Lista de precios = LPRECIO01; Nombre = Lista Estándar Clientes; Descripción = Precios estándar para clientes regulares; Moneda = USD; Fecha de inicio = 01/01/2026; Fecha de fin = 31/12/2026";;
mod2-c4;Determinación Estándar de Precios;6;Asignar precio a artículo;Inventario > Listas de precios > Listas de precios;"Lista de precios = LPRECIO01; Código de artículo = A00001; Unidad de medida = Unidad; Precio = 850.00; Fecha de inicio = 01/01/2026";;
mod2-c4;Determinación Estándar de Precios;9;Agregar descuento por cantidad;Inventario > Listas de precios > Precios especiales > Descuentos por período y cantidad;"Lista de precios = LPRECIO01; Código de artículo = A00001; Desde cantidad = 2; Hasta cantidad = 10; Descuento = 10; Fecha de inicio = 01/01/2026";;
mod3-c1;Ciclo Procure-to-Pay;5;Crear pedido de compra;Compras - Proveedores > Pedido;"Proveedor = V10000; Artículo = A00001; Cantidad = 5; Precio = 850.00; Fecha documento = 01/06/2026; Fecha vencimiento = 30/06/2026";;
mod3-c1;Ciclo Procure-to-Pay;7;Registrar entrada de mercancías;Compras - Proveedores > Entrada de mercancías de pedido;"Proveedor = V10000; Artículo = A00001; Cantidad = 5; Precio = 850.00; Fecha documento = 05/06/2026; Bodega = 01";;
mod3-c1;Ciclo Procure-to-Pay;8;Crear factura de proveedor;Compras - Proveedores > Factura de proveedores;"Proveedor = V10000; Artículo = A00001; Cantidad = 5; Precio = 850.00; Fecha documento = 10/06/2026; Fecha vencimiento = 10/07/2026";;
mod3-c1;Ciclo Procure-to-Pay;10;Efectuar pago al proveedor;Gestión de bancos > Pagos efectuados > Pagos efectuados;"Proveedor = V10000; Factura = 100001; Valor pagado = 4887.50; Banco = Banco Pichincha - Cta Corriente 210001; Fecha pago = 15/06/2026";;
mod3-c2;Transacciones de Almacén;5;Crear almacén regional;Gestión > Definición > Inventario > Almacenes;"Código = 03; Nombre = Almacén Regional Cuenca; Dirección = Av. de las Américas N12-45; Ciudad = Cuenca; Provincia = Azuay; Código Postal = 010101";;
mod3-c2;Transacciones de Almacén;6;Activar gestión de depósito;Gestión > Definición > Inventario > Almacenes;"Código = 03; Nombre = Almacén Regional Cuenca; Gestión de depósito = Activado; Formato de depósito = ISLA-ESTERIA-NIVEL; Longitud isla = 2; Longitud estantería = 2";;
mod3-c2;Transacciones de Almacén;7;Registrar entrada de stock;Inventario > Operaciones de stock > Entrada de mercancías;"Artículo = A00003; Descripción = Monitor Lenovo ThinkVision 24""; Cantidad = 30; Almacén = 03; Depósito = A1-S1-L1; Precio = 120.00";;
mod3-c2;Transacciones de Almacén;9;Registrar salida por daño;Inventario > Operaciones de stock > Salida de mercancías;"Artículo = A00004; Descripción = Teclado Inalámbrico Logitech; Cantidad = 5; Almacén = 03; Depósito = A1-S1-L1; Costo = 25.00";;
mod3-c3;Ubicaciones (Bin Locations);5;Definir subnivel pasillo;Gestión > Definición > Inventario > Ubicaciones > Subniveles de almacén;"Código = PAS; Nombre = Pasillo; Longitud = 4; Tipo = Alfanumérico";;
mod3-c3;Ubicaciones (Bin Locations);7;Trasladar mouse a ubicación;Inventario > Informes de inventario > Lista de contenido de la ubicación;"Artículo = A00005; Cantidad = 25; Almacén = 01; Ubicación origen = REC001; Ubicación destino = 01-A1-S5-L2; Fecha = 15/06/2026";;
mod3-c3;Ubicaciones (Bin Locations);8;Asignar mouse en pedido;Inventario > Ubicaciones > Gestión de códigos de subniveles de almacén;"Artículo = A00005; Cantidad = 15; Almacén = 01; Ubicación = 01-A1-S5-L2; Disponible = 25";;
mod3-c4;Trazabilidad por Lotes y Series;5;Crear artículo serializado;Inventario > Datos maestros de artículo > Pestaña Datos de inventario > Método de valoración;"Código = A00001; Descripción = Laptop Dell Latitude 3420; Método de gestión = Serie; Método de valoración = Por número de serie; Inventario perpetuo = Activado";;
mod3-c4;Trazabilidad por Lotes y Series;6;Asignar serie en entrada;Inventario > Gestión de artículos > Números de serie > Gestión de números de serie;"Código artículo = A00001; Cantidad = 1; Almacén = 01; Número de serie = SN-DLL-2026-001; Precio = 650.00; Fecha contable = 05/04/2026";;
mod3-c4;Trazabilidad por Lotes y Series;10;Consultar historial de serie;Inventario > Informes de Inventario > Informe de Auditoría de Inventario de Lotes/Series;"Artículo = A00001; Número de serie = SN-DLL-2026-001; Tipo de movimiento = Entrada, Salida; Costo unitario = 800.20; Documento = EP, ENT, FAC";;
mod3-c5;Costos de Importación;6;Crear tipo de gasto flete;Administración > Configuración > Compras > Costos de Importación;"Nombre = Flete Internacional; Cuenta de Gastos = 605000 Gastos de Envío; Actualiza Stock = Sí; Método de Distribución = Peso; Actualiza Últ. Precio Compra = Sí";;
mod3-c5;Costos de Importación;7;Crear tipo de gasto seguro;Administración > Configuración > Compras > Costos de Importación;"Nombre = Seguro de Carga; Cuenta de Gastos = 606000 Seguro de Carga; Actualiza Stock = No; Método de Distribución = Ninguno; Importe Fijo = 25.00";;
mod4-c1;El Ciclo de Ventas Order-to-Cash;5;Crear pedido de cliente;Ventas - Clientes > Pedido de cliente;"Cliente = C20000; Fecha = 05/04/2026; Artículo = A00009; Cantidad = 5; Precio unitario = 220.00; Descuento % = 1";;
mod4-c1;El Ciclo de Ventas Order-to-Cash;6;Generar entrega desde pedido;Ventas - Clientes > Entrega;"Cliente = C20000; Fecha = 06/04/2026; Artículo = A00009; Cantidad = 5; Almacén = 01; Neto = 1089.00";;
mod4-c1;El Ciclo de Ventas Order-to-Cash;8;Facturar con descuento manual;Ventas - Clientes > Factura de clientes;"Cliente = C20000; Fecha = 07/04/2026; Artículo = A00009; Cantidad = 5; Precio unitario = 220.00; Descuento % = 1";;
mod4-c1;El Ciclo de Ventas Order-to-Cash;10;Registrar cobro con descuento;Gestión de bancos > Pagos recibidos;"Cliente = C20000; Factura = 1252.35; Medio de pago = Banco Pichincha; Descuento % = 3; Importe recibido = 1214.78; Fecha = 10/04/2026";;
mod4-c2;Ofertas y Pedidos de Cliente;6;Convertir oferta a pedido;Ventas - Clientes > Pedido de cliente;"Cliente = C20000; Artículo = A00009; Cantidad = 3; Precio unitario = 220.00; Fecha documento = 16/04/2026";;
mod4-c2;Ofertas y Pedidos de Cliente;7;Verificar disponibilidad;Ventas - Clientes > Pedido de cliente;"Artículo = A00009; Almacén = 01; En stock = 20; Comprometido = 3; Disponible = 17";;
mod4-c2;Ofertas y Pedidos de Cliente;8;Crear pedido con descuento;Ventas - Clientes > Pedido de cliente;"Cliente = C20001; Artículo = A00002; Cantidad = 2; Precio unitario = 890.00; Descuento % = 1.00";;
mod4-c2;Ofertas y Pedidos de Cliente;9;Usar asistente de documentos;Ventas - Clientes > Asistente de creación de documentos;"Documento origen = Oferta de ventas; Documento destino = Pedido de cliente; Oferta número = C20003-0002; Cliente = C20003; Artículo = A00006";;
mod4-c3;Entregas y Facturación;5;Crear pedido de cliente;Ventas - Clientes > Pedido de cliente;"Cliente = C20000; Artículo = A00009; Cantidad = 5; Precio unitario = 220.00; Descuento % = 1.00; Fecha documento = 01/04/2026";;
mod4-c3;Entregas y Facturación;6;Generar nota de entrega;Ventas - Clientes > Entrega;"Cliente = C20000; Artículo = A00009; Cantidad = 5; Precio unitario = 220.00; Descuento % = 1.00; Fecha documento = 02/04/2026";;
mod4-c3;Entregas y Facturación;8;Facturar la entrega;Ventas - Clientes > Factura de clientes;"Cliente = C20000; Artículo = A00009; Cantidad = 5; Precio unitario = 220.00; Descuento % = 1.00; Fecha documento = 02/04/2026";;
mod4-c3;Entregas y Facturación;10;Registrar cobro con descuento;Gestión de bancos > Pagos recibidos;"Cliente = C20000; Factura = 1252.35; Descuento % = 3.00; Valor pagado = 1214.78; Fecha documento = 05/04/2026; Banco = Banco Pichincha";;
mod4-c4;Devoluciones y Notas de Crédito;5;Crear solicitud de devolución;Ventas - Clientes > Solicitud de devolución;"Cliente = C20000; Artículo = A00004; Cantidad = 5; Motivo = Daño en transporte; Almacén = 01";;
mod4-c4;Devoluciones y Notas de Crédito;6;Procesar devolución desde solicitud;Ventas - Clientes > Devolución;"Cliente = C20000; Artículo = A00004; Cantidad = 5; Precio unitario = 45.00; Almacén = 01";;
mod4-c4;Devoluciones y Notas de Crédito;8;Crear abono de cliente;Ventas - Clientes > Abono de clientes;"Cliente = C20001; Factura de referencia = FAC-2026-0032; Artículo = A00009; Cantidad = 1; Precio unitario = 220.00";;
mod5-c1;Listas de Precios y su Actualización;5;Crear lista Escuelas 2;Inventario > Listas de precios > Listas de precios;"Lista de precios = Escuelas 2; Lista base = Lista de precios base 1; Factor = 2.0";;
mod5-c1;Listas de Precios y su Actualización;6;Ver precios Escuelas 2;Inventario > Listas de precios > Listas de precios;"Lista de precios = Escuelas 2; Artículo = A00001; Precio = 1700.00";;
mod5-c1;Listas de Precios y su Actualización;7;Definir precio por caja;Inventario > Listas de precios > Listas de precios;"Artículo = A00007; Unidad de medida = Caja; Precio = 195.00; Automático = No";;
mod5-c1;Listas de Precios y su Actualización;8;Actualizar con asistente;Inventario > Listas de precios > Asistente para actualización de precios;"Lista de precios = Escuelas 2; Método = Factor; Factor = 2.2; Simular = Sí";;
mod5-c2;Descuentos por Período y Volumen;5;Seleccionar lista de precios;Inventario > Listas de precios > Listas de precios;"Código = LPVENTAS; Nombre = Lista de precios de venta; Moneda = USD; Válida desde = 01/09/2026; Válida hasta = 30/09/2026; Activa = Sí";;
mod5-c2;Descuentos por Período y Volumen;6;Agregar artículo a la lista;Inventario > Listas de precios > Listas de precios;"Código de artículo = A00004; Descripción = Teclado Inalámbrico Logitech; Precio = 45.00; Lista de precios = LPVENTAS; Moneda = USD; U. de medida = UN";;
mod5-c2;Descuentos por Período y Volumen;7;Configurar descuento por período;Inventario > Listas de precios > Precios especiales > Descuentos por período y cantidad;"Artículo = A00004; Descuento = 5%; Desde = 01/09/2026; Hasta = 30/09/2026; Automático = No; Precio especial = 42.75";;
mod5-c2;Descuentos por Período y Volumen;8;Configurar descuento por cantidad;Inventario > Listas de precios > Precios especiales > Descuentos por período y cantidad;"Artículo = A00004; Desde = 01/09/2026; Hasta = 30/09/2026; Cantidad mínima = 4; Descuento = 3%; Precio con descuento = 41.48";;
mod5-c2;Descuentos por Período y Volumen;9;Copiar descuentos a otros artículos;Inventario > Listas de precios > Precios especiales > Descuentos por período y cantidad;"Lista de precios = LPVENTAS; Artículo origen = A00004; Filtrar por = Grupo de unidades de medida; Artículos seleccionados = A00005; Copiar descuentos por = Período y cantidad; Sobrescribir existentes = No";;
mod5-c3;Grupos de Descuento;5;Crear grupo de descuento;Inventario > Listas de precios > Precios especiales > Grupos de descuento;"Grupo de descuento = DESC-MINORISTA; Descripción = Descuentos para clientes minoristas; Fecha de inicio = 01/01/2026; Fecha de fin = 31/12/2026; Activo = Sí";;
mod5-c3;Grupos de Descuento;6;Definir descuento por grupo;Inventario > Listas de precios > Precios especiales > Grupos de descuento;"Grupo de artículos = IMPRESORAS; Descuento = 10 %; Artículo ejemplo = A00009; Descripción artículo = Impresora Multifunción Epson; Precio lista = 220.00; Precio con descuento = 198.00";;
mod5-c3;Grupos de Descuento;7;Configurar descuento por cantidad;Inventario > Listas de precios > Precios especiales > Grupos de descuento;"Grupo de artículos = MEMORIAS; Cantidad abonada = 2; Cantidad gratuita = 1; Máximo gratuito = 4; Artículo = A00008; Descripción = Memoria RAM 16GB DDR4";;
mod5-c3;Grupos de Descuento;8;Asignar grupo a cliente;Gestión > Definición > Interlocutores comerciales > Grupos de clientes / acreedores;"Código de cliente = C20000; Nombre = Maxi-Teq; Grupo de clientes = CLIENTES-MINORISTAS; Grupo de descuento = DESC-MINORISTA; Lista de precios = Precio Minorista; No aplicar grupos de descuento = No";;
mod5-c4;Precios Especiales para Socios;5;Crear precio especial para cliente;Inventario > Listas de precios > Precios especiales > Precios especiales para interlocutores comerciales;"Código de cliente = C20000; Código de artículo = A00001; Porcentaje = -10; Fecha de inicio = 01/07/2026; Fecha de fin = 31/12/2026; Referencia a lista = Ninguna";;
mod5-c4;Precios Especiales para Socios;7;Aplicar ajuste masivo de descuento;Inventario > Listas de precios > Precios especiales > Actualización global de precios especiales;"Tipo de cambio = Cambiar descuento; Porcentaje = -5; Fecha de inicio = 01/08/2026; Fecha de fin = 31/08/2026; Segmento = Grupo de clientes; Grupo = Distribuidores";;
mod5-c4;Precios Especiales para Socios;8;Copiar precio especial a otros clientes;Inventario > Listas de precios > Precios especiales > Precios especiales para interlocutores comerciales;"Interlocutor origen = C20000; Artículo = A00002; Porcentaje = -15; Fecha de inicio = 01/09/2026; Fecha de fin = 30/11/2026; Regla de copia = Sustituir existentes";;
mod6-c1;Gestión de Relaciones con Clientes;5;Crear actividad de llamada;Interlocutores comerciales > Actividad;"Tipo = Llamada; Fecha = 05/04/2026; Hora = 10:00; Interlocutor = C20000; Descripción = Seguimiento postventa";;
mod6-c1;Gestión de Relaciones con Clientes;6;Crear oportunidad de venta;Interlocutores comerciales > Actividad;"Cliente = C20000; Etapa = Primera reunión; Importe = 2000.00; Probabilidad = 20; Descripción = Interés en laptops";;
mod6-c1;Gestión de Relaciones con Clientes;7;Generar oferta de ventas;Ventas - Clientes > Oferta de ventas;"Cliente = C20000; Artículo = A00001; Cantidad = 2; Precio = 850.00; Válida hasta = 05/07/2026";;
mod6-c1;Gestión de Relaciones con Clientes;8;Ejecutar campaña de correo;Interlocutores comerciales > Asistente de generación de campaña;"Canal = Correo electrónico; Grupo objetivo = Clientes Quito; Artículo = A00001; Asunto = Promoción laptops; Plantilla = Estándar";;
mod6-c2;Oportunidades y Actividades de Venta;5;Registrar llamada de seguimiento;Interlocutores comerciales > Actividad;"Tipo = Llamada; Asunto = Seguimiento postventa; Fecha de inicio = 05/04/2026; Hora de inicio = 10:00; Interlocutor = C20000 - Maxi-Teq; Usuario responsable = E001 - Juan Pérez";;
mod6-c2;Oportunidades y Actividades de Venta;6;Registrar oportunidad tras llamada;Interlocutores comerciales > Actividad;"Cliente = C20000 - Maxi-Teq; Etapa = Primera reunión; Valor potencial = 2000.00; Probabilidad = 20 %; Fecha estimada de cierre = 30/06/2026; Descripción = Interés en servidores HP";;
mod6-c2;Oportunidades y Actividades de Venta;7;Crear oferta de servidores;Ventas - Clientes > Oferta de ventas;"Cliente = C20000 - Maxi-Teq; Artículo = A00006 - Servidor HP ProLiant DL380; Cantidad = 2; Precio unitario = 3200.00; Fecha de validez = 05/07/2026; Comentarios = Oferta válida 90 días";;
mod6-c2;Oportunidades y Actividades de Venta;9;Consultar actividad en calendario;Interlocutores comerciales > Actividad;"Vista = Diaria; Fecha = 05/04/2026; Usuario = E001 - Juan Pérez; Tipo de actividad = Llamada; Asunto = Seguimiento postventa; Hora = 10:00";;
mod6-c3;Llamadas de Servicio;5;Crear llamada de servicio;Servicio > Llamada de servicio;"Cliente = C20000; Asunto = Laptop no enciende; Contrato de servicio = Garantía básica; Número de serie = SN123456; Responsable = E003; Tipo de llamada = Incidente";;
mod6-c3;Llamadas de Servicio;6;Registrar diagnóstico y costos;Servicio > Llamada de servicio;"Historial = Revisado fuente de poder; Diagnóstico = Falla en placa madre; Horas invertidas = 2; Costo mano de obra = 40.00; Desplazamiento = 15.00; Solución propuesta = Reemplazar placa";;
mod6-c4;Tarjetas de Equipo y Garantías;6;Crear artículo serializado;Inventario > Artículos;"Código = A00001; Descripción = Laptop Dell Latitude 3420; Gestionado por nro. de serie = Sí; Modelo de contrato = Garantía Estándar; Precio de venta = 850.00; Bodega predeterminada = 01";;
mod6-c4;Tarjetas de Equipo y Garantías;12;Ver contrato de servicio;Servicio > Contrato de servicio;"Cliente = C20000; Artículo = A00001; Número de serie = SN123456; Fecha de inicio = 15/03/2026; Fecha de fin = 15/03/2027";;
mod6-c4;Tarjetas de Equipo y Garantías;14;Abrir llamada de servicio;Servicio > Llamada de servicio;"Cliente = C20000; Artículo = A00001; Número de serie = SN123456; Asunto = No enciende; Fecha = 01/04/2026";;
mod7-c1;Plan de Cuentas;6;Navegar al cajón de Pasivo;Finanzas > Plan de cuentas;"Cajón = 2 - Pasivo; Nivel = 1; Tipo = Título";;
mod7-c1;Plan de Cuentas;7;Ver detalle de cuenta de banco;Finanzas > Detalles de cuenta de mayor;"Cuenta = 1010; Descripción = Banco Pichincha Cta Corriente; Nivel = 5; Moneda = USD; Activa = Sí";;
mod7-c1;Plan de Cuentas;10;Agregar cuenta de gastos;Finanzas > Plan de cuentas > Cajón 6;"Cajón = 6 - Gastos de explotación; Nivel = 5; Cuenta = 5020; Descripción = Gastos de viaje; Moneda = USD; Activa = Sí";;
mod7-c1;Plan de Cuentas;11;Definir límites de saldo;Finanzas > Detalles de cuenta de mayor;"Cuenta = 5020; Fecha inicio = 01/03/2026; Fecha fin = 31/12/2026; Saldo mínimo = 100.00; Saldo máximo = 5000.00";;
mod7-c2;Cuentas de Mayor por Defecto;5;Definir cuentas predeterminadas;Gestión > Configuración > Finanzas > Determinación de cuentas de mayor;"Cuenta de existencias = 9000; Cuenta de ingresos = 9001; Cuenta de costos = 9002; Cuenta de IVA débito = 9003; Cuenta de IVA crédito = 9004";;
mod7-c2;Cuentas de Mayor por Defecto;6;Seleccionar método por defecto;Gestión > Inicialización del sistema > Parametrizaciones generales > ficha Inventario > subficha Artículos;"Fijar cuentas de mayor según = Grupo de Artículos; Método de valoración = Promedio móvil; Gestionar lotes = No; Gestionar series = No";;
mod7-c2;Cuentas de Mayor por Defecto;7;Configurar grupo de artículos;Gestión > Configuración > Inventario > Grupos de artículos > ficha Finanzas;"Código = IMPRES; Nombre = Impresoras; Cuenta de existencias = 9000; Cuenta de ingresos = 9001; Cuenta de costos = 9002";;
mod7-c2;Cuentas de Mayor por Defecto;8;Asignar artículo al grupo;Inventario > Artículos;"Código = A00002; Descripción = Laptop HP ProBook 440; Grupo de artículos = IMPRES; Código de barras = HP440001; Impuesto de ventas = IVA 15%";;
mod7-c3;Asientos Contables Manuales y Automáticos;9;Registrar Gasto de Oficina;Finanzas > Asiento;"Fecha Contabilización = DD/MM/2026; Cuenta de Mayor/IC = 51020100 Gastos de Oficina; Debe = 50.00; Cuenta de Mayor/IC (línea 2) = 11010200 Caja General; Haber = 50.00";;
mod7-c3;Asientos Contables Manuales y Automáticos;12;Anular Gasto de Oficina;Finanzas > Asiento;"Número de Asiento = XXXX; Fecha Contabilización = DD/MM/2026; Comentario = (Anulación) Asiento XXXX";;
mod7-c4;Períodos Contables y Cierre;5;Definir ejercicio 2026;Gestión > Inicialización del Sistema > Períodos Contables;"Ejercicio = 2026; Fecha de inicio = 01/01/2026; Tipo de año = Natural";;
mod7-c4;Períodos Contables y Cierre;6;Crear mes de enero;Gestión > Inicialización del Sistema > Períodos Contables;"Ejercicio = 2026; Período = 001; Desde = 01/01/2026; Hasta = 31/01/2026; Descripción = Enero 2026";;
mod7-c4;Períodos Contables y Cierre;7;Registrar gasto de agua;Gestión > Inicialización del Sistema > Períodos Contables;"Fecha de contabilización = 15/01/2026; Cuenta mayor = 601000; Debe = 150.00; Cuenta mayor (línea 2) = 101005; Haber = 150.00";;
mod8-c1;Pagos Recibidos y Efectuados;4;Registrar cobro por transferencia;Gestión de bancos > Pagos recibidos > Pagos recibidos;"Código de cliente = C20000; Fecha = 15/04/2026; Número de documento = RC-2026-001; Medio de pago = Transferencia; Factura seleccionada = FC-2026-0120; Importe a pagar = 250.00";;
mod8-c1;Pagos Recibidos y Efectuados;6;Registrar cobro con tarjeta;Gestión de bancos > Pagos recibidos > Pagos recibidos;"Código de cliente = C20001; Fecha = 16/04/2026; Número de documento = RC-2026-002; Medio de pago = Tarjeta de crédito; Factura seleccionada = FC-2026-0125; Importe a pagar = 105.00";;
mod8-c1;Pagos Recibidos y Efectuados;8;Hacer depósito de tarjetas;Gestión de bancos > Depósitos > Depósito;"Fecha = 17/04/2026; Número de documento = DEP-2026-001; Cuenta de origen = Compensación Tarjetas; Cuenta destino = Banco Pichincha Cta Corriente; Importe = 105.00";;
mod8-c1;Pagos Recibidos y Efectuados;10;Registrar pago a proveedor;Gestión de bancos > Pagos efectuados > Pagos efectuados;"Código de proveedor = V10000; Fecha = 18/04/2026; Número de documento = PG-2026-001; Medio de pago = Transferencia; Factura seleccionada = FC-P-2026-050; Importe a pagar = 650.00";;
mod8-c2;Asistente de Pagos;5;Seleccionar banco propio;Gestión > Definición > Gestión de bancos > Bancos propios;"Banco = Banco Pichincha; Cuenta = Cta Corriente 210001; Activo = Sí";;
mod8-c2;Asistente de Pagos;6;Crear vía de pago transferencia;Gestión > Definición > Gestión de bancos > Vías de pago;"Código = TRANSF; Nombre = Transferencia Bancaria; Clase = Transferencia; Medio de pago = Transferencia; Banco = Banco Pichincha; Cuenta = Cta Corriente 210001";;
mod8-c2;Asistente de Pagos;7;Ejecutar asistente de pagos;Gestión de bancos > Asistente de pagos;"Nombre ejecución = PAGOS_ABR_2026; Fecha = 05/04/2026; Clase = Pago; Medio de pago = Transferencia; Serie = PP; Vía de pago = TRANSF";;
mod8-c2;Asistente de Pagos;8;Ver recomendaciones de pago;Gestión de bancos > Asistente de pagos;"Interlocutor = V10000; Documento = Factura Proveedor; Número = FC001; Vencimiento = 01/04/2026; Importe = 850.00; Seleccionado = Sí";;
mod8-c2;Asistente de Pagos;10;Seleccionar opción de grabación;Gestión de bancos > Asistente de pagos;"Opción = Grabar recomendaciones; Reservar transacciones = Sí; Impedir compensación = Sí";;
mod8-c2;Asistente de Pagos;11;Generar archivo de pago para transferencia;Gestión de bancos > Asistente de pagos;"Formato = NACHA; Banco destino = Banco Pichincha; Cuenta origen = Cta Corriente 210001; Importe total = 977.50; Fecha valor = 05/04/2026";;
mod8-c3;Conciliación Bancaria e Interna;5;Ingresar datos del extracto;Gestión de bancos > Extractos de cuenta y reconciliaciones externas > Reconciliación;"Cuenta Bancaria = Cta Corriente 210001; Fecha del Extracto = 15/04/2026; Saldo Final Extracto = 1250.50; Referencia = EXT-0426-001; Moneda = USD";;
mod8-c3;Conciliación Bancaria e Interna;6;Conciliar pago registrado;Gestión de bancos > Extractos de cuenta y reconciliaciones externas > Reconciliación;"Número de Partida = BP20260415; Fecha Partida = 10/04/2026; Valor Partida = 500.00; Número Extracto = EXT-0426-001; Fecha Extracto = 12/04/2026; Valor Extracto = 500.00";;
mod8-c3;Conciliación Bancaria e Interna;8;Configurar reconciliación manual;Gestión de bancos > Extractos de cuenta y reconciliaciones externas > Reconciliación manual;"Cuenta Bancaria = Cta Corriente 210001; Fecha del Extracto = 15/04/2026; Saldo Final Extracto = 1250.50; Referencia = EXT-0426-002; Moneda = USD";;
mod8-c3;Conciliación Bancaria e Interna;9;Importar extracto bancario;Gestión de bancos > Extractos de cuenta y reconciliaciones externas > Tratamiento de extracto bancario;"Cuenta Bancaria = Cta Corriente 210001; Formato Archivo = MT940; Ruta Archivo = extracto_abril.txt; Fecha Proceso = 16/04/2026; Moneda = USD";;
mod8-c3;Conciliación Bancaria e Interna;11;Conciliar pago y factura;Socios de Negocios > Reconciliación Interna > Reconciliación;"Socio de Negocios = V10000 Dell Ecuador; Tipo de Cuenta = Proveedor; Partida del Haber = FV20260405; Valor del Haber = 500.00; Partida del Debe = BP20260410; Valor del Debe = 500.00";;
mod8-c4;Antigüedad de Saldos y Cobranza;5;Generar antigüedad de clientes;Finanzas > Informes financieros > Contabilidad > Antigüedad > Antigüedad de créditos de clientes;"Fecha de antigüedad = 30/06/2026; Rango 1 (días) = 30; Rango 2 (días) = 45; Rango 3 (días) = 60; Mostrar abonos = Sí; Cliente = C20000";;
mod8-c4;Antigüedad de Saldos y Cobranza;7;Generar antigüedad de proveedores;Finanzas > Informes financieros > Contabilidad > Antigüedad > Antigüedad de deudas de proveedores;"Fecha de antigüedad = 30/06/2026; Rango 1 (días) = 30; Rango 2 (días) = 45; Rango 3 (días) = 60; Mostrar anticipos = Sí; Proveedor = V10000";;
mod8-c4;Antigüedad de Saldos y Cobranza;9;Ejecutar asistente de reclamaciones;Ventas - Clientes > Asistente de reclamaciones;"Fecha de corte = 30/06/2026; Condición = REC001; Considerar conectados = No; Generar facturas de servicio = Sí; Enviar por email = Sí; Imprimir cartas = No";;
mod8-c5;Banca en Línea en Ecuador: Extracto, Conciliación y Archivo de Pagos;5;Importar extracto de abril;Gestión de bancos > Extractos de cuenta y reconciliaciones externas > Reconciliación;"Fecha de corte = 30/04/2026; Saldo inicial = 1250.00; Saldo final = 1875.00; Seleccionar archivo = extracto_abril.csv; Formato = CSV separado por coma";;
mod8-c5;Banca en Línea en Ecuador: Extracto, Conciliación y Archivo de Pagos;8;Ejecutar pagos a proveedores;Gestión de bancos > Asistente de pagos;"Nombre de ejecución = Pagos_Abril_2026; Fecha = 30/04/2026; Clase = Pago; Medio de pago = Transferencia; Banco = Banco Pichincha; Cuenta = Cta Corriente 210001";;
mod9-c1;Configuración de Activos Fijos;6;Crear serie para activos;Gestión > Definición > Finanzas > Activos fijos > Series de numeración;"Objecto = Activo Fijo; Serie = AF001; Longitud = 8; Inicio = 1";;
mod9-c1;Configuración de Activos Fijos;7;Definir artículo virtual;Finanzas > Activos fijos > Datos maestros de activo fijo > Casilla;"Artículo de activo = Marcado; Artículo virtual = Marcado; Serie = AF001";;
mod9-c1;Configuración de Activos Fijos;8;Registrar factura de laptops;Compras - proveedores > Factura de proveedores;"Proveedor = V10000; Fecha = 15/03/2026; Artículo = A00001; Cantidad = 3; Precio = 850.00";;
mod9-c2;Alta y Datos Maestros del Activo;5;Registrar factura de camión;Compras - Proveedores > Factura de proveedores;"Proveedor = V10000; Fecha contabilización = 01/01/2026; Fecha valoración activo = 01/01/2026; Código de artículo = A00006; Cantidad = 1; Precio unitario = 6000.00";;
mod9-c2;Alta y Datos Maestros del Activo;8;Completar datos maestros;Finanzas > Activos fijos > Datos maestros de activo;"Código de activo = ACT00001; Clase de activo = Equipos de cómputo; Tipo de amortización = Lineal; Cuenta contable = 110500; Área de amortización = PCGA; Descripción = Servidor HP ProLiant DL380";;
mod9-c2;Alta y Datos Maestros del Activo;9;Comprar cinco teclados virtuales;Compras - Proveedores > Factura de proveedores;"Proveedor = V10002; Fecha contabilización = 02/01/2026; Fecha valoración activo = 02/01/2026; Código de artículo = A00004; Cantidad = 5; Precio unitario = 45.00";;
mod9-c3;Depreciación y Ajustes;5;Crear activo fijo camión;Finanzas > Activos fijos > Datos maestros de activo;"Código de activo = CAM001; Descripción = Camión de reparto; Clase de activo = Camiones de Reparto; Costo = 6000.00; Vida útil (meses) = 36; Método = Lineal";;
mod9-c3;Depreciación y Ajustes;6;Ejecutar amortización anual;Finanzas > Activos Fijos > Ejecución de Amortización;"Área de amortización = PCGA; Fecha = 31/12/2026; Vista previa = Activar; Ejecutar = Confirmar; Período = Anual; Monto amortización = 2000.00";;
mod9-c3;Depreciación y Ajustes;11;Ejecutar cambio de ejercicio;Finanzas > Activos fijos > Cambio de ejercicio;"Ejercicio actual = 2026; Ejercicio nuevo = 2027; Transferir amortizaciones = Sí; Recalcular plan = Sí; Ejecutar = Confirmar; Fecha corte = 31/12/2026";;
mod9-c4;Bajas y Monitoreo de Activos;5;Registrar venta de activo;Ventas - Clientes > Factura de clientes;"Cliente = C20000; Artículo = CAMION001; Cantidad = 1; Precio = 25000.00; IVA = 15%; Fecha = 15/06/2026";;
mod9-c4;Bajas y Monitoreo de Activos;7;Dar de baja por desecho;Finanzas > Activos fijos > Baja;"Activo = CAMION002; Tipo de baja = Desecho; Fecha = 20/06/2026; Motivo = Fin de vida útil; Contabilización = Neto; Valor libro = 18750.00";;
mod10-c1;Planificación de Necesidades MRP;5;Configurar datos de planificación;Inventario > Datos maestros de artículo > Pestaña Datos de planificación;"Método de aprovisionamiento = Comprar; Participa en MRP = Sí; Intervalo de pedido = Mensual; Pedido múltiple = 50; Cantidad mínima = 100";;
mod10-c1;Planificación de Necesidades MRP;6;Ejecutar asistente MRP;Planificación de necesidades > Asistente de planificación de necesidades;"Escenario = MRP_Quito_2026; Fecha de inicio = 01/07/2026; Fecha de fin = 31/07/2026; Artículos = A00007; Nivel = Almacén; Almacén = 01";;
mod10-c1;Planificación de Necesidades MRP;7;Analizar resultados MRP;Planificación de necesidades > Asistente de planificación de necesidades;"Inventario inicial = 20; Aprovisionamiento pendiente = 30; Demanda prevista = 120; Inventario final proyectado = -70; Recomendación = Orden de compra 100";;
mod10-c1;Planificación de Necesidades MRP;8;Crear pedido de compra desde MRP;Planificación de necesidades > Recomendaciones de pedido;"Tipo de pedido = Pedido de compra; Artículo = A00007; Cantidad = 100; Fecha requerida = 15/08/2026; Proveedor = V10000; Almacén = 01";;
mod10-c2;Pronósticos de Demanda;5;Crear previsión de demanda;Inventario > Transacciones de Inventario > Previsión;"Código = A00001; Cantidad = 150; Fecha inicial = 01/07/2026; Fecha final = 30/09/2026; Bodega = 01";;
mod10-c2;Pronósticos de Demanda;6;Activar consumo de previsión;Administración > Configuración General > pestaña Inventario > sección Planificación;"Consumo de previsión = Sí; Método = Hacia Atrás-Adelante; Atrás = 2; Adelante = 4";;
mod10-c2;Pronósticos de Demanda;12;Ejecutar MRP con previsiones;MRP > Asistente de Ejecución de MRP;"Considerar previsiones = Sí; Considerar pedidos de venta = Sí; Considerar acuerdos marco = No; Fecha inicial = 01/07/2026; Fecha final = 30/09/2026";;
mod10-c3;MRP y Listas de Materiales;6;Configurar planificación servidor;Inventario > Datos maestros de artículo > Pestaña Datos de planificación;"Artículo = A00006; Método de aprovisionamiento = Producción; Plazo de producción = 2; Almacén principal = 01; MRP activo = Sí; Plazo de compra = 0";;
mod10-c3;MRP y Listas de Materiales;7;Configurar monitor para compra;Inventario > Datos maestros de artículo > Pestaña Datos de planificación;"Artículo = A00003; Método de aprovisionamiento = Compra; Plazo de entrega = 5; Almacén principal = 01; MRP activo = Sí; Proveedor preferido = V10002";;
mod10-c3;MRP y Listas de Materiales;8;Ejecutar cálculo MRP;Planificación de necesidades > Asistente MRP;"Horizonte de planificación = 30; Fecha de inicio = 01/06/2026; Incluir compras = Sí; Incluir producción = Sí; Incluir ventas = No; Ejecutar MRP = Ejecutar";;
mod10-c3;MRP y Listas de Materiales;12;Ejecutar MRP excluyendo almacén;Planificación de necesidades > Asistente MRP;"Almacenes a excluir = 02; Horizonte de planificación = 30; Fecha de inicio = 01/06/2026; Incluir compras = Sí; Incluir producción = Sí; Ejecutar MRP = Ejecutar";;
mod10-c4;Recomendaciones y Órdenes Sugeridas;5;Configurar datos de planificación;Inventario > Datos maestros de artículo > Pestaña Datos de planificación;"Método de aprovisionamiento = Comprar; Participa en MRP = Sí; Intervalo de pedido = Mensual; Pedido múltiple = 50; Cantidad mínima = 100";;
mod10-c4;Recomendaciones y Órdenes Sugeridas;6;Ejecutar el asistente MRP;Planificación de necesidades > Asistente de planificación de necesidades;"Escenario = MRP_Junio2026; Fecha de inicio = 01/06/2026; Fecha de fin = 30/06/2026; Nivel = Empresa; Incluir pronósticos = Sí";;
mod10-c4;Recomendaciones y Órdenes Sugeridas;7;Analizar resultados de MRP;Planificación de necesidades > Asistente MRP;"Artículo = A00007; Inventario inicial = 20; Aprovisionamiento pendiente = 30; Demanda total = 120; Inventario final proyectado = -10";;
mod10-c4;Recomendaciones y Órdenes Sugeridas;8;Crear pedido de compra desde MRP;Planificación de necesidades > Recomendaciones de pedido;"Tipo de pedido = Pedido de compra; Artículo = A00007; Cantidad = 100; Fecha requerida = 15/06/2026; Proveedor sugerido = V10000";;
mod11-c1;Listas de Materiales;5;Crear lista de materiales;Producción > Lista de materiales;"Código = A00001; Descripción = Laptop Dell Latitude 3420; Tipo = Producción; Nivel = 1; Cantidad base = 1; Almacén = 01";;
mod11-c1;Listas de Materiales;6;Agregar componente;Producción > Lista de materiales;"Número de línea = 1; Tipo de línea = Artículo; Código = A00007; Descripción = Disco Duro SSD 1TB Samsung; Cantidad = 1; Almacén = 01";;
mod11-c1;Listas de Materiales;7;Agregar recurso de máquina;Producción > Lista de materiales;"Número de línea = 2; Tipo de línea = Recurso; Código = R001; Descripción = Torno para grabado; Cantidad = 2; Unidad de medida = ciclos";;
mod11-c1;Listas de Materiales;8;Agregar recurso de mano de obra;Producción > Lista de materiales;"Número de línea = 3; Tipo de línea = Recurso; Código = R002; Descripción = Operario de máquina; Cantidad = 1; Unidad de medida = hora";;
mod11-c1;Listas de Materiales;10;Generar orden de producción;Producción > Orden de producción;"Número = OP0001; Artículo = A00001; Descripción = Laptop Dell Latitude 3420; Cantidad = 5; Fecha de vencimiento = 30/09/2026; Almacén = 01";;
mod11-c1;Listas de Materiales;11;Recibir producción terminada;Producción > Recibo de producción;"Número = RP0001; Orden de producción = OP0001; Artículo = A00001; Descripción = Laptop Dell Latitude 3420; Cantidad = 5; Almacén = 01";;
mod11-c2;Órdenes de Producción;5;Crear orden de producción;Producción > Orden de producción;"Código = A00001; Descripción = Laptop Dell Latitude 3420; Cantidad = 10; Fecha de inicio = 02/05/2026; Fecha de vencimiento = 02/05/2026; Prioridad = 1";;
mod11-c2;Órdenes de Producción;7;Trasladar componentes a planta;Producción > Orden de producción;"Código = A00004; Descripción = Teclado Inalámbrico Logitech; Cantidad = 10; Almacén origen = 01; Almacén destino = 99; Fecha = 02/05/2026";;
mod11-c2;Órdenes de Producción;8;Informar finalización de producción;Producción > Orden de producción;"Código = A00001; Descripción = Laptop Dell Latitude 3420; Cantidad = 10; Fecha = 02/05/2026; Almacén = 01; Orden de producción = A00001";;
mod11-c3;Costos de Producción;4;Emitir componentes a producción;Producción > Emisión para producción;"Número de orden = OP0001; Código de artículo = A00001; Cantidad = 1; Código de artículo componente = A00004; Cantidad componente = 1; Bodega origen = 01";;
mod11-c3;Costos de Producción;6;Recibir producto terminado;Producción > Recibo de producción;"Número de orden = OP0001; Código de artículo terminado = A00001; Cantidad recibida = 1; Costo estándar = 650.00; Bodega destino = 01; Referencia = OP0001";;
mod11-c3;Costos de Producción;11;Actualizar costo estándar de artículo;Producción > Gestión del Costo Estándar de Producción > Actualización del Costo Estándar de Producción;"Código de artículo = A00001; Costo estándar actual = 650.00; Costo real del artículo = 670.00; Actualizar costo estándar = Sí; Fecha de actualización = 01/06/2026; Aplicar a niveles = Todos";;
mod11-c4;Gestión y Facturación de Proyectos;7;Vincular actividad al proyecto;Recursos humanos > Hoja de tiempos;"Asunto = Reunión de inicio; Fecha de inicio = 16/06/2026; Hora de inicio = 09:00; Proyecto = PRY-001; ID de fila de etapa = 2";;
mod12-c1;Consultas SQL con el Query Manager;5;Activar Información del sistema;Herramientas > Consultas > Generador de Consultas;"Tecla de acceso = Ctrl+Shift+I; Función = Mostrar nombres técnicos; Ventana activa = Generador de Consultas";;
mod12-c1;Consultas SQL con el Query Manager;6;Crear consulta con el Asistente;Herramientas > Consultas > Generador de Consultas;"Tabla = OCRD; Campo 1 = CardCode; Campo 2 = CardName; Encabezado 1 = Código Cliente; Encabezado 2 = Nombre Cliente";;
mod12-c1;Consultas SQL con el Query Manager;7;Crear consulta con el Generador;Herramientas > Consultas > Generador de Consultas;"Tabla = ORDR; Campo 1 = DocNum; Campo 2 = CardCode; Campo 3 = DocTotal; Condición = DocStatus = 'O'; Orden = DocDate";;
mod12-c1;Consultas SQL con el Query Manager;8;Crear consulta con variable de fecha;Herramientas > Consultas > Generador de Consultas;"Tabla = ORDR; Campo 1 = DocNum; Campo 2 = CardCode; Campo 3 = DocTotal; Variable = [%0]; Valor ejemplo = 01/04/2026";;
mod12-c2;Alertas y Procesos de Aprobación;5;Activar alerta de stock mínimo;Gestión > Gestión de alertas;"Alerta = Desviación de almacén mínima; Prioridad = Alta; Destinatario = Juan Pérez; Notificación = Interno y Correo; Usuario AlertSvc = Marcado; Activar = Sí";;
mod12-c2;Alertas y Procesos de Aprobación;11;Habilitar proceso de autorización;Gestión > Inicialización del sistema > Parametrizaciones generales > Pestaña IC;"Pestaña = IC; Casilla = Habilitar proceso de autorización; Empresa = B1 Center; Usuario = María Gómez; Cambio = Sistema; Reinicio = No requerido";;
mod12-c2;Alertas y Procesos de Aprobación;12;Definir modelo de compra;Gestión > Inicialización del sistema > Procesos de autorización > Modelos de autorización;"Nombre = Aprobación de compras; Documento = Pedido de compra; Condición = Total > 1000; Nivel 1 = Juan Pérez; Nivel 2 = María Gómez; Activo = Sí";;
mod12-c3;Campos y Valores Definidos por el Usuario;5;Crear UDF Estado en Cliente;Herramientas > Herramientas de customizing > Campos definidos por el usuario - Gestión;"Objeto = Cliente; Nombre del campo = EstadoCliente; Descripción = Nivel de servicio; Tipo = Alfanumérico; Estructura = Normal; Longitud = 20";;
mod12-c3;Campos y Valores Definidos por el Usuario;6;Definir valores para EstadoCliente;Herramientas > Herramientas de customizing > Campos definidos por el usuario - Gestión;"Objeto = Cliente; Nombre del campo = EstadoCliente; Valor válido 1 = Oro; Valor válido 2 = Plata; Valor válido 3 = Bronce; Obligatorio = No";;
mod12-c3;Campos y Valores Definidos por el Usuario;8;Crear UDF instrucciones en pedido;Herramientas > Herramientas de customizing > Campos definidos por el usuario - Gestión;"Objeto = Pedido de cliente; Nombre del campo = EntregaIndicaciones; Descripción = Instrucciones de entrega; Tipo = Alfanumérico; Estructura = Normal; Longitud = 100";;
mod12-c3;Campos y Valores Definidos por el Usuario;9;Registrar instrucciones en pedido;Herramientas > Herramientas de customizing > Campos definidos por el usuario - Gestión;"Cliente = C20001; Fecha = 15/03/2026; Artículo = A00001; Cantidad = 2; Precio = 850.00; EntregaIndicaciones = Dejar en recepción";;
mod12-c3;Campos y Valores Definidos por el Usuario;12;Configurar visibilidad de UDF;Herramientas > Herramientas de customizing > Parametrizaciones;"Objeto = Pedido de cliente; UDF = EstadoCliente; Visible = Sí; Activo = Sí; Categoría = Comercial";;
mod12-c4;Migración de Datos con DTW;5;Importar nuevo cliente;Administración > Importación/Exportación de Datos > Importación de Datos > Importar desde Excel;"CardCode = C20000; CardName = Maxi-Teq; Grupo = Clientes; Moneda = USD";;
mod12-c4;Migración de Datos con DTW;6;Importar nuevo artículo;Administración > Importación/Exportación de Datos > Importación de Datos > Importar desde Excel;"ItemCode = A00001; ItemName = Laptop Dell Latitude 3420; Precio = 850.00; Costo = 650.00";;
mod12-c4;Migración de Datos con DTW;7;Actualizar precio de artículo;Administración > Importación/Exportación de Datos > Importación de Datos > Importar desde Excel;"Lista de precios = 1; ItemCode = A00001; Precio = 850.00; Moneda = USD";;
mod13-c1;Solicitudes de Compra y Cotizaciones;5;Crear solicitud de compra;Compras - Proveedores > Solicitud de Compra;"Código = A00003; Descripción = Monitor Lenovo ThinkVision 24""; Cantidad = 2; Fecha requerida = 15/06/2026; Almacén = 01; Comentario = Para presentación de ventas";;
mod13-c1;Solicitudes de Compra y Cotizaciones;6;Generar múltiples cotizaciones;Compras - Proveedores > Asistente para Generación de Ofertas de Compra;"Base de datos = Solicitud de Compra; Número de solicitud = 10000; Artículo = A00003; Cantidad = 2; Proveedores a considerar = 3; Tipo de documento destino = Cotización de Compra";;
mod13-c1;Solicitudes de Compra y Cotizaciones;8;Crear pedido de compra;Compras - Proveedores > Oferta de Compra;"Proveedor = V10002; Código = A00003; Descripción = Monitor Lenovo ThinkVision 24""; Cantidad = 2; Precio unitario = 170.00; Fecha de entrega = 19/06/2026";;
mod13-c2;Compras de Servicios;4;Crear pedido de servicio;Compras - Proveedores > Pedido de Compras;"Código Proveedor = V10000; Fecha del Pedido = 05/04/2026; Tipo de Artículo = Servicio; Descripción = Diseño web institucional; Cuenta de Gastos = 6200 - Servicios Profesionales; Importe = 1200.00";;
mod13-c2;Compras de Servicios;5;Registrar factura de servicio;Compras - Proveedores > Factura de Proveedores;"Código Proveedor = V10001; Fecha Contable = 10/04/2026; Tipo de Artículo = Servicio; Descripción = Mantenimiento mensual equipos; Cuenta de Gastos = 6200 - Servicios Profesionales; Importe = 350.00";;
mod13-c2;Compras de Servicios;8;Configurar transacción recurrente;Gestión > Transacciones periódicas > Modelos de transacciones periódicas;"Nombre de la Plantilla = Alquiler Mensual; Frecuencia = Mensual; Fecha de Inicio = 01/04/2026; Fecha de Finalización = 31/03/2027; Tipo de Documento = Factura de Proveedores; Código Proveedor = V10002";;
mod13-c3;Devoluciones y Notas de Crédito de Proveedor;5;Crear solicitud devolución;Compras - Proveedores > Solicitud de Devolución de Mercancías;"Fecha = 15/04/2026; Código Proveedor = V10000; Código Artículo = A00001; Cantidad = 2; Motivo = Daño transporte; Número RMA = RMA20260415";;
mod13-c3;Devoluciones y Notas de Crédito de Proveedor;6;Crear devolución mercancía;Compras - Proveedores > Devolución de Mercancías;"Fecha = 16/04/2026; Código Proveedor = V10000; Código Artículo = A00001; Cantidad = 2; Costo unitario = 650.00; Valor total = 1300.00";;
mod13-c3;Devoluciones y Notas de Crédito de Proveedor;8;Crear abono proveedor;Compras - Proveedores > Abono de Proveedores;"Fecha = 20/04/2026; Código Proveedor = V10001; Código Artículo = A00003; Cantidad = 5; Precio unitario = 180.00; IVA (15%) = 135.00";;
mod13-c3;Devoluciones y Notas de Crédito de Proveedor;10;Crear abono sin cantidad;Compras - Proveedores > Abono de Proveedores;"Fecha = 25/04/2026; Código Proveedor = V10002; Concepto = Falta 10% descuento; Valor = 100.00; Sin contabilización de cantidad = Sí";;
mod14-c1;Unidades de Medida por Peso y Volumen;5;Configurar Grupo Cable;Gestión > Definición > Inventario > Grupos de unidades de medida;"Grupo de unidades de medida = CABLE; Unidad base = Metro; Unidad alternativa = Kilo (kg); Cantidad alternativa = 1; Cantidad base = 1; Usar Factor de Peso = Sí";;
mod14-c1;Unidades de Medida por Peso y Volumen;6;Definir Peso del Artículo;Inventario > Datos maestros de artículo > Pestañas Compras / Ventas / Inventario;"Grupo de unidades de medida = CABLE; Peso = 2; Uso del peso = Kg/metro";;
mod14-c2;Unidades de Empaquetado;5;Definir tipo de paquete;Administración > Configuración > Inventario > Tipos de Paquete;"Nombre = Caja Estándar; Longitud = 60; Ancho = 42; Altura = 30";;
mod14-c3;Métodos de Valoración de Inventario;5;Crear grupo de artículos;Gestión > Definición > Inventario > Grupos de artículos;"Código = GEN-001; Nombre = Artículos Genéricos; Método de valoración = Promedio variable; Gestionar por almacén = No; Inventario permanente = Sí";;
mod14-c3;Métodos de Valoración de Inventario;6;Crear artículo con costo estándar;Inventario > Datos maestros de artículo > Pestaña Datos de inventario;"Grupo de artículos = GEN-001; Código = A00001; Descripción = Laptop Dell Latitude 3420; Costo estándar = 650.00; Precio de venta = 850.00";;
mod14-c3;Métodos de Valoración de Inventario;7;Actualizar costo estándar;Inventario > Revalorización de inventario;"Código = A00001; Costo estándar actual = 650.00; Nuevo costo estándar = 680.00; Fecha de efecto = 01/04/2026; Motivo = Ajuste por inflación";;
mod14-c4;Ajuste de Costos de Inventario;5;Crear serie de ajuste;Gestión > Inicialización del sistema > Numeración de documentos > Asientos;"Módulo = Asientos Contables; Serie = AJC001; Nombre = Ajuste de Costos; Número siguiente = 1; Solo para Ajuste de Contabilidad de Costos = Marcado";;
mod14-c4;Ajuste de Costos de Inventario;6;Definir cuenta G/L;Finanzas > Plan de cuentas > Detalles de cuenta;"Cuenta = 590000; Nombre = Gastos Variados - Ajuste; Naturaleza = Gastos; Solo para Ajuste de Contabilidad de Costos = Marcado; Grupo de cuenta = Gastos Operacionales";;
mod14-c4;Ajuste de Costos de Inventario;7;Vincular serie y cuenta;Gestión > Inicialización del sistema > Parametrizaciones generales > Ficha Contabilidad de costes;"Serie de numeración = AJC001; Cuenta G/L = 590000; Centro de costo predeterminado = NINGUNO; Activar ajuste de costos = Marcado; Solo para ajuste de contabilidad de costos = Sí";;
mod14-c4;Ajuste de Costos de Inventario;8;Generar asiento de ajuste;Finanzas > Asiento para ajuste de contabilidad de costes;"Serie = AJC001; Fecha = 30/06/2026; Centro de costo = DESARROLLO; Importe = 200.00; Cuenta G/L = 590000";;
mod15-c1;Operación Diaria con Ubicaciones;7;Consultar inventario por ubicación;Inventario > Informes de inventario > Lista de contenido de la ubicación;"Almacén = 01; Artículo = A00001; Ubicación = 01-A1-S1-L1; Cantidad = 3; Cantidad (línea 2) = 2";;
mod15-c2;Reglas y Gestión de Ubicaciones;5;Definir peso en artículo;Inventario > Datos maestros de artículo > Pestaña Datos de inventario > Campo Peso;"Código = A00007; Descripción = Disco Duro SSD 1TB Samsung; Peso = 1.000; Grupo de UdM = Und; UdM Inventario = Und; Precio de venta = 130.00";;
mod15-c2;Reglas y Gestión de Ubicaciones;6;Configurar peso máximo en ubicación;Inventario > Ubicaciones > Datos maestros de ubicación > Campos Peso de artículo y Peso máximo;"Código = UBIC01; Nombre = Ubic_1; Bodega = 01 - Bodega Central Quito; Peso artículo = 80.000; Peso máximo = 100.000; Peso disponible = 20.000";;
mod15-c2;Reglas y Gestión de Ubicaciones;7;Activar validación de peso máximo;Gestión > Definición > Inventario > Almacenes > Pestaña Ubicaciones > Validación de peso máximo;"Validar peso máximo = Sí; Aplicar a recepción = Sí; Aplicar a emisión = Sí; Controlar en asignación automática = Sí; Controlar en asignación manual = Sí; Unidad de peso = kg";;
mod15-c3;Informes de Ubicaciones;5;Ejecutar Lista de Ubicaciones;Inventario > Informes de inventario > Lista de ubicaciones;"Código = 01-A1-S1-L1; Almacén = 01; Subnivel = A1-S1-L1; Atributo 1 = Pick Face; Cantidad Máxima = 50; Cantidad Actual = 12";;
mod15-c3;Informes de Ubicaciones;7;Reposicionar ubicación de picking;Inventario > Informes de inventario > Lista de ubicaciones;"Número de artículo = A00004; Cantidad = 38; Ubicación origen = 01-B1-S1-L1; Ubicación destino = 01-A1-S1-L1";;
mod15-c3;Informes de Ubicaciones;8;Ver contenido de una ubicación;Inventario > Informes de inventario > Lista de contenido de la ubicación;"Ubicación = 05-A4-S1-L1; Artículo = A00001; Cantidad = 1; Vista = Jerárquica";;
mod15-c3;Informes de Ubicaciones;9;Definir ubicación predeterminada;Inventario > Informes de inventario > Lista de contenido de la ubicación;"Artículo = A00007; Ubicación = 02-C1-S2-L3; Cantidad = 15";;
mod15-c4;Inventario Físico: Conteo y Ajuste;5;Crear ciclo de inventario;Administración > Configuración > Inventario > Ciclos de Inventario;"Código = CICLO01; Nombre = Conteo Semestral; Unidad básica = Mensual; Frecuencia = 2; Fecha inicio = 01/02/2026";;
mod15-c4;Inventario Físico: Conteo y Ajuste;6;Configurar determinación cíclica;Administración > Configuración > Inventario > Determinación del Recuento Cíclico;"Grupo de artículos = IMPRESORAS; Frecuencia = 6; Unidad = Año; Activo = Sí; Prioridad = 1";;
mod15-c4;Inventario Físico: Conteo y Ajuste;7;Definir fecha de stock;Administración > Inicialización del Sistema > Configuración de Documentos > Por Documento > Documento de Recuento de Inventario;"Documento = Recuento de Inventario; Fecha de stock por = Creación; Predeterminado = Sí; Aplica a = Todos los usuarios; Fecha ejemplo = 07/09/2026";;
mod15-c4;Inventario Físico: Conteo y Ajuste;8;Registrar resultado de conteo;Inventario > Operaciones de inventario > Recuento de inventario > Recuento de inventario;"Código de artículo = A00003; Descripción = Monitor Lenovo ThinkVision 24""; Almacén = 01; Ubicación = A1-01; Cantidad contada = 75; Contador = Lee";;
mod15-c4;Inventario Físico: Conteo y Ajuste;10;Generar ajuste de inventario;Inventario > Operaciones de inventario > Recuento de inventario > Contabilización de inventario;"Código de artículo = A00003; Cantidad en sistema = 140; Cantidad contada = 151; Diferencia = 11; Tipo de ajuste = Entrada";;
mod16-c1;Picking y Packing para Producción;7;Generar salida para producción;Inventario > Picking y embalaje > Gestor de picking y embalaje;"Orden Producción = OP0001; Artículo = A00001; Cantidad = 10; Bodega = 01; Costo unitario = 650.00; Fecha = 06/04/2026";;
mod16-c1;Picking y Packing para Producción;9;Registrar entrada desde producción;Inventario > Picking y embalaje > Gestor de picking y embalaje;"Orden Producción = OP0001; Artículo = A00001; Cantidad = 2; Bodega = 01; Costo unitario = 850.00; Fecha = 07/04/2026";;
mod16-c1;Picking y Packing para Producción;11;Filtrar por tipo de fila recurso;Inventario > Picking y embalaje > Gestor de picking y embalaje;"Tipo de fila = Recurso; Orden Producción = OP0001; Descripción = Mano de obra ensamblaje; Horas = 2.5; Costo hora = 15.00; Secuencia = 2";;
mod16-c2;Picking y Packing para Transferencias;5;Crear solicitud de traslado;Inventario > Operaciones de stock > Solicitud de traslado;"Almacén Origen = 01; Almacén Destino = 02; Artículo = A00001; Cantidad = 5; Fecha = 15/06/2026";;
mod16-c2;Picking y Packing para Transferencias;7;Liberar a lista de preparación;Inventario > Preparación y Embalaje > Gestor de Preparación;"Cajón = Abierto; Artículo = A00001; Cantidad = 5; Almacén = 01; Seleccionado = Sí";;
mod16-c2;Picking y Packing para Transferencias;9;Generar documento de traslado;Inventario > Operaciones de stock > Traslado de inventario;"Almacén Origen = 01; Almacén Destino = 02; Artículo = A00001; Cantidad = 5; Fecha = 15/06/2026";;
mod17-c1;Monedas y Tipos de Cambio;4;Configurar monedas local y sistema;Gestión > Inicialización del sistema > Configuración > Finanzas > Monedas;"Moneda local = USD; Moneda del sistema = EUR; Tipo de cambio = 0.92; Fecha de tipo de cambio = 01/07/2026";;
mod17-c1;Monedas y Tipos de Cambio;9;Ejecutar diferencia de tipo de cambio;Finanzas > Diferencias de tipo de cambio;"Valor factura (USD) = 1150.00; Tipo de cambio original = 0.92; Tipo de cambio actual = 0.88; Diferencia a revalorizar = 46.00";;
mod17-c2;Determinación Avanzada de Cuentas;6;Establecer prioridad de criterios;Gestión > Definición > Finanzas > Determinación de cuentas de mayor > Criterios de determinación - Inventario;"Código de Artículo = No; Grupo de Artículos = Sí; País de Envío = Sí; Grupo de Interlocutor Comercial = No; Código de Almacén = No";;
mod17-c2;Determinación Avanzada de Cuentas;7;Crear regla para impresoras en Canadá;Gestión > Definición > Finanzas > Determinación de cuentas de mayor > Reglas de determinación avanzada - Inventario;"Tipo de Regla Avanzada = General; Grupo de Artículos = IMPRESORAS; País de Envío = CA; Cuenta de Ingresos = 4100-02; Cuenta de Inventario = 1410-02";;
mod17-c2;Determinación Avanzada de Cuentas;8;Vista previa del asiento contable;Ventas - Clientes > Factura de clientes;"Cuenta de Ingresos = 4100-02; Cuenta de Cliente = C20000; Cuenta de Inventario = 1410-02; IVA Crédito = 2150";;
mod17-c3;Documentos Preliminares de Asiento;6;Agregar Gasto de nómina;Finanzas > Documentos Preliminares;"Cuenta = 6.01 Gasto de nómina; Tipo = Debe; Monto = 1035.94";;
mod17-c3;Documentos Preliminares de Asiento;7;Agregar IESS patronal;Finanzas > Documentos Preliminares;"Cuenta = 6.02 IESS patronal; Tipo = Debe; Monto = 116.18";;
mod17-c3;Documentos Preliminares de Asiento;8;Agregar Beneficios sociales;Finanzas > Documentos Preliminares;"Cuenta = 6.04 Beneficios sociales; Tipo = Debe; Monto = 159.70";;
mod17-c3;Documentos Preliminares de Asiento;9;Agregar Sueldos por pagar;Finanzas > Documentos Preliminares;"Cuenta = 2.1.05 Sueldos por pagar; Tipo = Haber; Monto = 845.57";;
mod17-c3;Documentos Preliminares de Asiento;10;Agregar IESS por pagar;Finanzas > Documentos Preliminares;"Cuenta = 2.1.04 IESS por pagar; Tipo = Haber; Monto = 206.55";;
mod17-c3;Documentos Preliminares de Asiento;11;Agregar Anticipos al personal;Finanzas > Documentos Preliminares;"Cuenta = 1.1.08 Anticipos al personal; Tipo = Haber; Monto = 100.00";;
mod17-c3;Documentos Preliminares de Asiento;12;Agregar Beneficios sociales por pagar;Finanzas > Documentos Preliminares;"Cuenta = 2.1.07 Beneficios sociales por pagar; Tipo = Haber; Monto = 159.70";;
mod17-c4;Informes Financieros y Flujo de Caja;5;Generar Balance al 31/12/2026;Finanzas > Informes financieros > Financiero > Balance;"Hasta una fecha determinada = 31/12/2026; Mostrar porcentaje relativo = Sí; Incluir cuentas de balance = Sí; Ordenar por cuenta = Código";;
mod17-c4;Informes Financieros y Flujo de Caja;7;Generar Balance de Sumas y Saldos 2026;Finanzas > Informes financieros > Financiero > Balance de sumas y saldos;"Del período = 01/01/2026; Al período = 31/12/2026; Incluir todas las cuentas = Sí; Mostrar datos maestros = No";;
mod17-c4;Informes Financieros y Flujo de Caja;9;Generar Estado de Pérdidas y Ganancias 2026;Finanzas > Informes financieros > Financiero > Pérdidas y ganancias;"Del período = 01/01/2026; Al período = 31/12/2026; Agrupar por cajones de P y G = Sí; Mostrar detalle de cuentas = No";;
mod17-c4;Informes Financieros y Flujo de Caja;11;Generar Estado de Flujo de Efectivo 2026;Finanzas > Informes financieros > Financiero > Estado de flujos de efectivo;"Del período = 01/01/2026; Al período = 31/12/2026; Método directo = Sí; Incluir equivalentes de efectivo = Sí";;
mod18-c1;Contabilidad de Costos;5;Crear centro de coste Ventas;Finanzas > Contabilidad de costes > Centros de coste;"Código = VENTAS; Nombre = Ventas; Código de clasificación = DEPT";;
mod18-c1;Contabilidad de Costos;6;Definir reparto por área;Finanzas > Contabilidad de costes > Normas de reparto;"Código = AREA; Nombre = Área; Centro de coste = VENTAS; Porcentaje = 40";;
mod18-c1;Contabilidad de Costos;7;Vincular cuenta 6200 a norma AREA;Finanzas > Plan de cuentas;"Cuenta = 6200; Nombre = Gastos de electricidad; Norma de reparto = AREA";;
mod18-c1;Contabilidad de Costos;10;Generar informe de gastos;Finanzas > Informes financieros > Informes de contabilidad de costes;"Período = 01/2026; Centro de coste = VENTAS; Tipo de reporte = Gastos";;
mod18-c2;Centros de Costo y Dimensiones;5;Activar dimensiones múltiples;Gestión > Inicialización del sistema > Parametrizaciones generales > Ficha Contabilidad de costes;"Módulo = Contabilidad de costes; Habilitar dimensiones múltiples = Sí; Número de dimensiones = 2; Mostrar normas en = Columnas distintas";;
mod18-c2;Centros de Costo y Dimensiones;6;Definir dos dimensiones;Finanzas > Contabilidad de costes > Dimensiones;"Dimensión 1 = Departamentos; Centro de costo = DPT-VENTAS; Descripción = Ventas; Dimensión 2 = Línea de negocio; Centro de costo (línea 2) = LN-HARDWARE; Descripción (línea 2) = Hardware";;
mod18-c2;Centros de Costo y Dimensiones;7;Vincular cuenta eléctrica;Finanzas > Contabilidad de costes > Dimensiones;"Cuenta = 606000; Descripción = Electricidad; Dimensión 1 = Departamentos; Norma 1 = Por área; Dimensión 2 = Línea de negocio; Norma 2 = Por empleados";;
mod18-c2;Centros de Costo y Dimensiones;9;Ejecutar informe por departamento;Finanzas > Contabilidad de costes > Informe de centro de coste;"Dimensión = Departamentos; Periodo = 01/2026; Centro de costo = DPT-VENTAS; Gasos eléctricos = 60.00; Total gastos = 60.00";;
mod18-c3;Gestión de Presupuestos;5;Inicializar el presupuesto;Gestión > Inicialización del sistema > Parametrizaciones generales > Ficha Presupuesto;"Inicialización del Presupuesto = Marcado; Al superar presupuesto = Bloquear; Ejercicio Fiscal = 2026; Control por = Mensual";;
mod18-c3;Gestión de Presupuestos;6;Marcar cuenta como relevante;Finanzas > Plan de cuentas > Detalles de cuenta;"Cuenta = 510000; Nombre = Gastos de Viajes; Relevante para Presupuesto = Sí; Tipo = Gasto";;
mod18-c3;Gestión de Presupuestos;7;Definir importe presupuestado;Finanzas > Definición del presupuesto > Presupuesto;"Escenario = Principal; Cuenta = 510000; Debe/Haber MN = 6000.00; Método = Igual";;
mod18-c3;Gestión de Presupuestos;8;Ejecutar informe de presupuesto;Finanzas > Informes financieros > Informes de presupuesto > Informe de presupuesto;"Escenario = Principal; Período = 10/2026; Cuenta = 510000; Presupuestado = 500.00; Real = 550.00; Desviación = -50.00";;
mod19-c1;Facturación Electrónica 2026: Transmisión y Anulación;5;Ingresar RUC del sistema;Compras - Proveedores > Factura de Proveedores;"Proveedor = V10000; Fecha = 05/04/2026; Información Adicional = 1792456789001; Código de Artículo = A00001; Cantidad = 2";;
mod19-c1;Facturación Electrónica 2026: Transmisión y Anulación;7;Solicitar anulación de factura;Compras - Proveedores > Factura de Proveedores;"Tipo de Documento = Factura de Proveedores; Numero de Documento = F00123; Fecha de Emisión = 05/04/2026; Motivo = Error en cantidad; Fecha Solicitud = 10/04/2026";;
mod19-c1;Facturación Electrónica 2026: Transmisión y Anulación;8;Ver retenciones calculadas;Compras - Proveedores > Factura de Proveedores;"Proveedor = V10001; Fecha = 12/04/2026; Base Imponible = 890.00; IVA (15%) = 133.50; Retención IVA (30%) = 40.05; Retención Renta (2%) = 17.80";;
mod19-c2;Retención en la Fuente del Impuesto a la Renta;5;Editar proveedor V10000;Interlocutores comerciales > Datos maestros interlocutor comercial;"Código = V10000; Nombre = Dell Ecuador; Sujeto a retención = Sí; Impuesto de retención = RET IVA 30%";;
mod19-c2;Retención en la Fuente del Impuesto a la Renta;6;Crear factura a Dell Ecuador;Compras - Proveedores > Factura de Proveedores;"Código = V10000; Fecha = 05/04/2026; Artículo = A00001; Cantidad = 2; Precio = 850.00";;
mod19-c2;Retención en la Fuente del Impuesto a la Renta;8;Generar comprobante de retención;Compras - Proveedores > Factura de Proveedores;"Fecha = 05/04/2026; Proveedor = V10000; Base IVA = 1700.00; IVA = 255.00; Retención IVA = 76.50";;
mod19-c3;Retención del IVA y Comprobante de Retención;5;Marcar proveedor sujeto a retención;Interlocutores comerciales > Datos maestros interlocutor comercial;"Código = V10000; Nombre = Dell Ecuador; Sujeto a retención = Sí; Grupo de retención IVA = NO ESP; Código de retención IVA = 30%";;
mod19-c3;Retención del IVA y Comprobante de Retención;6;Registrar factura de compra con IVA;Compras - Proveedores > Factura de Proveedores;"Proveedor = V10000; Fecha = 15/06/2026; Artículo = A00001; Cantidad = 2; Precio unitario = 850.00; IVA = 255.00";;
mod19-c3;Retención del IVA y Comprobante de Retención;8;Generar comprobante de retención;Compras - Proveedores > Factura de Proveedores;"Proveedor = V10000; Fecha = 15/06/2026; Tipo de documento = Comprobante de retención; Base imponible = 1700.00; IVA = 255.00; Retención IVA = 76.50";;
mod19-c4;Retenciones en la Factura de Proveedores de SAP B1;6;Registrar factura de proveedor;Compras - Proveedores > Factura de proveedores;"Proveedor = V10000; Fecha de contabilización = 05/04/2026; Artículo = A00001; Cantidad = 3; Precio unitario = 850.00";;
mod19-c5;Declaraciones Mensuales: Formularios 103, 104 y ATS;6;Configurar proveedor para retenciones;Interlocutores comerciales > Datos maestros interlocutor comercial;"Código = V10000; Nombre = Dell Ecuador; Sujeto a retención = Sí; Impuesto de retención = 312; Categoría fiscal = No especial";;
mod19-c6;Nota de Débito, Guía de Remisión y Liquidación de Compra;5;Registrar nota de débito;Compras - Proveedores > Factura de Proveedores;"Serie = ND; Número = 00001; Fecha = 15/06/2026; Proveedor = V10000; Referencia = Factura 00150; Artículo = A00001";;
mod19-c6;Nota de Débito, Guía de Remisión y Liquidación de Compra;7;Emitir guía de remisión;Ventas - Clientes > Entrega;"Fecha = 16/06/2026; Cliente = C20000; Artículo = A00001; Cantidad = 1; Motivo = Venta; Transportista = Juan Pérez";;
mod19-c6;Nota de Débito, Guía de Remisión y Liquidación de Compra;9;Procesar liquidación de compra;Compras - Proveedores > Factura de Proveedores;"Serie = LC; Número = 00001; Fecha = 17/06/2026; Proveedor = V10002; Artículo = A00003; Cantidad = 2";;
mod19-c7;RUC, Firma Electrónica y RIMPE: Obligaciones por Empresa;5;Registrar el RUC de B1 Center;Gestión > Inicialización del sistema > Detalles de la empresa;"Nombre de la empresa = B1 Center; RUC (ID fiscal) = 1792456789001; Dirección = Av. El Salvador N34-12, Quito; Moneda local = USD";;
mod19-c7;RUC, Firma Electrónica y RIMPE: Obligaciones por Empresa;8;Comprar a un RIMPE Emprendedor;Compras - Proveedores > Factura de proveedores;"Proveedor = V10001; Artículo = A00004; Cantidad = 10; Precio unitario = 25.00; IVA = 15 %; Fecha de emisión = 05/04/2026";;
mod19-c7;RUC, Firma Electrónica y RIMPE: Obligaciones por Empresa;11;Comprar a un Negocio Popular;Compras - Proveedores > Factura de proveedores;"Proveedor = V10003; Artículo = A00005; Cantidad = 5; Precio unitario = 10.00; IVA = 0 %; Fecha de emisión = 06/04/2026";;
mod20-c1;Recursos de Producción;5;Crear recurso de trabajo;Recursos > Datos maestros del recurso;"Código = TRAB001; Nombre = Operario CNC; Tipo = Trabajo; Empleado = E003; U. de medida = Horas; Capacidad/día = 8";;
mod20-c1;Recursos de Producción;6;Crear recurso de máquina;Recursos > Datos maestros del recurso;"Código = MAQ001; Nombre = Torno CNC Principal; Tipo = Máquina; Activo fijo = AF001; U. de medida = Horas; Capacidad/día = 8";;
mod20-c1;Recursos de Producción;7;Configurar tiempo de ejecución;Recursos > Datos maestros del recurso;"Tiempo por unidad = 00:15:00; Unidades por período = 1; U. de medida = Horas; Tiempo ejecución = 00:15:00";;
mod20-c1;Recursos de Producción;8;Agregar recurso a LdM;Inventario > Grupos de recurso;"Artículo = A00001; Tipo de línea = Recurso; Código = TRAB001; Cantidad = 2; Tiempo estimado = 00:30:00";;
mod20-c2;Capacidad de Recursos;5;Definir plan semanal;Recursos > Fijar capacidades internas diarias;"Recurso = MAQUINA01; Fecha inicio = 01/03/2026; Fecha fin = 07/03/2026; Factor 1 = 32; Factor 2 = 2; Capacidad diaria = 64";;
mod20-c2;Capacidad de Recursos;6;Generar capacidad trimestre;Recursos > Fijar capacidades internas diarias;"Recurso = MAQUINA01; Fecha inicio = 01/03/2026; Fecha fin = 31/05/2026; Copiar plan semanal = Sí; Días calculados = 91; Capacidad total = 5824";;
mod20-c2;Capacidad de Recursos;7;Analizar capacidad disponible;Recursos > Capacidad de recursos;"Recurso = MAQUINA01; Periodo = 01/03/2026 - 31/03/2026; Vista = Disponible; Capacidad interna mensual = 1984; Comprometido = 24; Disponible = 1960";;
mod20-c3;Rutas de Producción (Routing);5;Crear orden producción armario;Producción > Orden de producción > Menú contextual > Enviar componentes;"Código = A00013; Descripción = Armario blanco; Cantidad = 1; Bodega = 01; Fecha inicio = 01/06/2026; Fecha vencimiento = 05/06/2026";;
mod20-c3;Rutas de Producción (Routing);6;Visualizar etapas ruta;Producción > Orden de producción > Menú contextual > Enviar componentes;"Etapa = 1; Descripción = Corte; Componente = Planchas de madera; Recurso = Cortadora; Operario = Operario de la máquina; Cantidad = 4";;
mod20-c3;Rutas de Producción (Routing);8;Enviar componentes etapa;Producción > Orden de producción > Menú contextual > Enviar componentes;"Etapa de ruta = 3; Componente = Pintura blanca; Cantidad requerida = 2; Cantidad enviada = 2; Bodega origen = 01; Bodega destino = 01";;
mod21-c1;Numeración de Documentos y Datos Maestros;5;Crear serie para facturas norte;Gestión > Inicialización del sistema > Numeración de documento;"Tipo de documento = Facturas de clientes; Número de inicio = 5000; Número final = 5999; Nombre de la serie = VENTAS NORTE; Grupo de serie = 2; Próximo número = 5000";;
mod21-c1;Numeración de Documentos y Datos Maestros;7;Definir serie por defecto para Ana;Gestión > Inicialización del sistema > Numeración de documento;"Tipo de documento = Facturas de clientes; Nombre de la serie = VENTAS NORTE; Grupo de serie = 2; Fijar como por defecto = Sí; Usuario = E004; Próximo número = 5000";;
mod21-c1;Numeración de Documentos y Datos Maestros;8;Crear serie para clientes norte;Gestión > Inicialización del sistema > Numeración de documento;"Tipo de documento = Datos maestros de clientes; Número de inicio = 1000; Número final = 1999; Nombre de la serie = CLIENTES NORTE; Grupo de serie = 2; Próximo número = 1000";;
mod21-c1;Numeración de Documentos y Datos Maestros;9;Configurar formato CLI-1000-2026;Gestión > Inicialización del sistema > Numeración de documento;"Tipo de documento = Datos maestros de clientes; Nombre de la serie = CLIENTES NORTE; Cantidad de dígitos = 4; Prefijo = CLI-; Sufijo = -2026; Próximo número = 1000";;
mod21-c1;Numeración de Documentos y Datos Maestros;10;Autorizar a Ana para grupo 2;Gestión > Inicialización del sistema > Autorizaciones > Autorizaciones generales > Serie de numeración;"Usuario = E004; Módulo = Serie de numeración; Tipo de autorización = Serie: Número de grupo; Grupo de serie = 2; Acceso = Total; Habilitado = Sí";;
mod21-c1;Numeración de Documentos y Datos Maestros;11;Verificar serie VENTAS NORTE;Gestión > Utilidades > Comprobar numeración de documentos;"Tipo de documento = Facturas de clientes; Incluir datos maestros = No; Serie = VENTAS NORTE; Desde número = 5000; Hasta número = 5010; Ejecutar verificación = Sí";;
mod21-c2;Diseños de Impresión;5;Previsualizar formatos disponibles;Administración > Configuración > General > Gestor de Informes y Formatos;"Número = FV-000123; Cliente = C20000; Fecha = 15/04/2026; Total = 1150.00; Formato activo = Factura Estándar";;
mod21-c2;Diseños de Impresión;6;Editar un formato PLD;Administración > Configuración > General > Gestor de Informes y Formatos;"Nombre = Factura B1 Center; Tipo = PLD; Logo = Insertado; Dirección = Av. República de El Salvador; Pie de página = Gracias por su compra; Campo Monto = X: 120";;
mod21-c2;Diseños de Impresión;7;Establecer formato predeterminado;Administración > Configuración > General > Gestor de Informes y Formatos;"Formato = Factura B1 Center; Alcance = Usuario actual; Usuario = E004; Socio comercial = -; Documento = Factura de Venta; Activo = Sí";;
mod21-c3;Correo Electrónico y Plantillas de Interfaz;4;Configurar método de correo;Administración > Inicialización del Sistema > Configuración General > Pestaña Servicios;"Método de correo = SBO Mailer; Servidor SMTP = smtp.b1center.com; Puerto = 587; Autenticación = Sí; Usuario = sap_mailer; Usar TLS = Sí";;
mod21-c3;Correo Electrónico y Plantillas de Interfaz;5;Configurar preferencias de oferta;Administración > Inicialización del Sistema > Preferencias de Impresión > Por Documento;"Tipo de documento = Oferta de ventas; Exportar a PDF = Sí; Enviar por correo = Sí; Asunto = Oferta de ventas - B1 Center; Cuerpo = Estimado cliente, adjuntamos su oferta.; Persona de contacto = Predeterminada del documento";;
mod21-c3;Correo Electrónico y Plantillas de Interfaz;6;Enviar ofertas en lote;Ventas > Impresión de Documentos A/R;"Documentos seleccionados = 3 ofertas; Usar Grupo de Correo = No; Asunto = Oferta de ventas - B1 Center; Cuerpo = Estimado cliente, adjuntamos su oferta.; Correo electrónico = Habilitado; Adjunto = PDF generado";;
mod21-c3;Correo Electrónico y Plantillas de Interfaz;7;Asignar grupo de correo;Interlocutores comerciales > Datos maestros de interlocutor comercial > Ficha Personas de contacto;"Código de socio = C20000; Nombre = Maxi-Teq; Persona de contacto = Ana López; Grupo de correo = Tecnología; Correo electrónico = ana.lopez@maxiteq.com; Rol en empresa = CIO";;
mod21-c3;Correo Electrónico y Plantillas de Interfaz;8;Crear modelo de IU para soporte;Gestión > Utilidades > Modelo de configuración de la IU;"Nombre del modelo = Soporte Simplificado; Objeto = Datos maestros de artículos; Usuario asignado = E003; Campo oculto = Impuestos; Ficha destacada = Servicio; Campo U_ añadido = U_TiempoRespuesta";;
mod21-c4;Propiedad de los Datos y Soporte;5;Activar propiedad de datos;Gestión > Inicialización del sistema > Parametrizaciones generales > Ficha IC;"Habilitar la propiedad de los datos = Marcado; Método = Solo interlocutor comercial; Permitir interlocutores sin propietario = Marcado";;
mod21-c4;Propiedad de los Datos y Soporte;6;Crear empleado contadora;Recursos humanos > Datos maestros de empleado;"ID = E002; Nombre = María Gómez; Jefe = E001; Departamento = Contabilidad; Sucursal = 01; Activo = Sí";;
mod21-c4;Propiedad de los Datos y Soporte;7;Asignar propietario a cliente;Gestión > Inicialización del sistema > Autorizaciones > Propiedad de datos > Autorizaciones de propiedad de datos;"Código = C20000; Nombre = Maxi-Teq; Propietario = E002; Ciudad = Quito; Teléfono = 023456789";;
mod21-c4;Propiedad de los Datos y Soporte;8;Configurar permisos de jefe;Gestión > Inicialización del sistema > Autorizaciones > Propiedad de datos > Autorizaciones de propiedad de datos;"Empleado = E001; Relación: Jefe = Total; Relación: Departamento = Solo lectura; Relación: Empresa = Ninguno";;
mod21-c4;Propiedad de los Datos y Soporte;9;Acceder a factura de cliente;Gestión > Inicialización del sistema > Autorizaciones > Propiedad de datos > Autorizaciones de propiedad de datos;"Número = FAC-001; Cliente = C20000 Maxi-Teq; Propietario = E002 María Gómez; Fecha = 15/06/2026; Total = 1150.00";;
mod21-c5;Usuarios, Grupos y Configuraciones Clave;5;Crear cuenta de usuario;Gestión > Definición > General > Usuarios;"Usuario = JGARCIA; Nombre = Juan García; Contraseña = Init1234; Nombre de empleado = E001";;
mod21-c5;Usuarios, Grupos y Configuraciones Clave;8;Crear grupo de ventas;Gestión > Definición > General > Grupos de usuarios;"Grupo = VENTAS; Tipo = Autorización; Usuario = JGARCIA; Fecha inicio = 01/06/2026; Fecha fin = 31/12/2026";;
mod21-c5;Usuarios, Grupos y Configuraciones Clave;9;Configurar política alta de claves;Gestión > Configuración > General > Seguridad > Gestión de claves de acceso;"Longitud mínima = 8; Caducidad (días) = 30; Intento fallido = 3; Bloqueo automático = Activado";;
mod21-c6;Mensajes, Alertas y Autorizaciones;5;Activar alerta de stock mínimo;Gestión > Gestión de alertas;"Nombre = Desviación de almacén mínima; Prioridad = Alta; Destinatario = María Gómez; Método = Interno; AlertSvc = Sí; Activa = Sí";;
mod21-c6;Mensajes, Alertas y Autorizaciones;7;Crear alerta de usuario semanal;Gestión > Gestión de alertas;"Nombre = Stock bajo semanal; Tipo = De usuario; Consulta = Consulta_stock_bajo; Frecuencia = Semanal; Hora = 08:00; Activa = Sí";;
mod21-c6;Mensajes, Alertas y Autorizaciones;9;Asignar autorizaciones de ventas;Gestión > Inicialización del sistema > Autorizaciones > Autorizaciones generales;"Usuario = Ana Silva; Ventas = Sí; Compras = No; Finanzas = No; Inventario = Sí; Reportes = Limitado";;
mod21-c6;Mensajes, Alertas y Autorizaciones;10;Copiar autorizaciones entre usuarios;Gestión > Inicialización del sistema > Autorizaciones > Autorizaciones generales;"Usuario origen = Juan Pérez; Usuario destino = Carlos López; Incluir jefe = No; Ajustar después = Sí; Grupo por defecto = Sí; Aplicar = Sí";;
mod22-c1;Tablas Definidas por el Usuario;5;Crear tabla de conductores;Herramientas > Herramientas de customizing > Tablas definidas por el usuario - Configuración;"Nombre de la tabla = @OF_CONDUCTORES; Descripción = Conductores de entrega; Tipo de objeto = Ningún objeto; Código habilitado = Sí; Nombre único = Sí";;
mod22-c1;Tablas Definidas por el Usuario;6;Agregar campo Nombre;Herramientas > Herramientas de customizing > Campos definidos por el usuario - Gestión;"Tabla seleccionada = @OF_CONDUCTORES; Nombre del campo = U_OF_NOMBRE; Tipo = Alfanumérico; Longitud = 50; Descripción = Nombre completo del conductor";;
mod22-c1;Tablas Definidas por el Usuario;7;Ingresar conductor de entrega;Herramientas > Ventanas definidas por el usuario;"Código = C001; Nombre = María López; U_OF_NOMBRE = María López; U_OF_TURNO = Noche; U_OF_DISPONIBLE = Sí; U_OF_UBICACION = Quito";;
mod22-c1;Tablas Definidas por el Usuario;8;Vincular UDT a campo de entrega;Herramientas > Herramientas de customizing > Campos definidos por el usuario - Gestión;"Objeto = Entrega; Tipo de campo = Alfanumérico; Nombre del campo = U_OF_CONDUCTOR; Validación = Fijar tabla vinculada; Tabla vinculada = @OF_CONDUCTORES";;
mod22-c1;Tablas Definidas por el Usuario;10;Registrar UDO de vehículos;Herramientas > Herramientas de customizing > Asistente de registro de objetos;"Nombre de la tabla = @OF_VEHICULOS; Tipo de objeto = Datos maestros; ID del objeto = OFVEH; Habilitar opción de menú = Sí; Módulo del menú = Ventas";;
mod22-c2;Introducción a SAP Analytics;6;Definir medida y dimensión;Herramientas > Informe de Excel y análisis interactivo;"Medida disponible = Total; Dimensión disponible = Código de cliente; Método de cálculo = Suma; Orden = Descendente; Área de destino = Listo para arrastrar";;
mod22-c2;Introducción a SAP Analytics;7;Seleccionar gráfico circular;Herramientas > Informe de Excel y análisis interactivo;"Tipo de gráfico = Circular; Vista previa = Muestra % por cliente; Cliente C42000 = 45.050,00 USD; Otros clientes = Distribuidos en secciones; Leyenda = Código y valor";;
mod22-c2;Introducción a SAP Analytics;11;Crear informe de ventas por región;Herramientas > Informe de Excel y análisis interactivo;"Fuente de datos = V_Ventas_por_Region; Medida = Ingresos totales; Dimensión = Producto; Filtro = Año 2026; Ubicación = Filas";;
mod22-c2;Introducción a SAP Analytics;12;Crear análisis de inventario cruzado;Herramientas > Informe de Excel y análisis interactivo;"Fuente de datos = V_Inventario_Actual; Valor = Cantidad en stock; Fila = Almacén; Columna = Categoría; Filtro = Q2 2026";;
mod23-c1;Metodología de Implementación;7;Ingresar saldo de apertura de cuenta;Administración > Inicialización del Sistema > Saldos de Apertura > Saldo de Apertura de Cuentas G/L;"Cuenta = 101000; Débito = 15000.00; Crédito = 0.00";;
mod23-c1;Metodología de Implementación;9;Ingresar saldo de apertura de cliente;Administración > Inicialización del Sistema > Saldos de Apertura > Saldo de Apertura de Socios de Negocio;"Código = C20000; Nombre = Maxi-Teq; Saldo = 5000.00";;
mod23-c2;Asistente Express de Configuración;4;Ingresar datos empresa;Gestión > Seleccionar empresa > Nueva con el asistente;"Nombre de la empresa = B1 Center; Base de datos = B1Center_Demo; Localización = Ecuador; Idioma = Español; Tipo de licencia = Prueba 31 días";;
mod23-c2;Asistente Express de Configuración;5;Definir períodos contables;Gestión > Inicialización del sistema > Centro de implementación > Tareas de implementación > Configurar parametrizaciones de empresa;"Ejercicio más antiguo = 01/01/2026; Último período = 31/12/2026; Intervalo de contabilización = Mensual; Rango de vencimiento = Más amplio que contabilización; Fiscal comienza en enero = Sí; Diferente al calendario = No";;
mod23-c2;Asistente Express de Configuración;6;Crear usuario director;Gestión > Inicialización del sistema > Centro de implementación > Tareas de implementación > Configurar parametrizaciones de empresa;"Usuario = director; Contraseña = B1Center2026!; Confirmar contraseña = B1Center2026!; Privilegio = Total; Cambiar en primer ingreso = No; Usuario necesario para acceso = Sí";;
mod23-c3;Carga de Saldos Iniciales;5;Ingresar saldo de apertura de inventario;Inventario > Transacciones de Inventario > Saldo de Apertura del Inventario;"Código = A00001; Descripción = Laptop Dell Latitude 3420; Cantidad = 10; Precio unitario = 650.00; Almacén = 01; Cuenta de compensación = Patrimonio - Saldos de apertura";;
mod23-c3;Carga de Saldos Iniciales;7;Ingresar saldo de apertura de caja;Administración > Inicialización del Sistema > Saldos de Apertura > Saldo de Apertura de Cuentas G/L;"Cuenta = Caja; Débito = 1500.00; Haber = 0.00; Fecha = 01/01/2026; Cuenta de compensación = Patrimonio - Saldos de apertura; Origen = OB";;
mod23-c3;Carga de Saldos Iniciales;9;Ingresar saldo de apertura de cliente;Administración > Inicialización del Sistema > Saldos de Apertura > Saldo de Apertura de Socios de Negocio;"Código = C20000; Nombre = Maxi-Teq; Saldo apertura = 2000.00; Tipo = Cliente; Fecha = 01/01/2026; Cuenta de compensación = Patrimonio - Saldos de apertura";;
mod23-c4;Copia Rápida e Importación de Documentos;6;Configurar opciones de copia;Gestión > Inicialización del sistema > Centro de implementación > Tareas de implementación > Ficha Gestión de datos > Copiar datos entre empresas;"Función = Copiar directamente a otra compañía; Método de copia = Agregar y actualizar; Manejo de errores = Omitir registros afectados; Importar cuentas = Usar cuentas en origen; Forzar backup = No; Permitir usuarios activos = Sí";;
mod23-c4;Copia Rápida e Importación de Documentos;11;Completar encabezado de pedido;Gestión > Inicialización del sistema > Centro de implementación > Tareas de implementación > Ficha Gestión de datos > Copiar datos entre empresas;"DocNum = 1001; Fecha = 15/03/2026; CardCode = C20000; Series = 13; DocTotal = 1150.00; NumAtCard = PED-2026-001";;
mod23-c4;Copia Rápida e Importación de Documentos;12;Agregar líneas de artículo;Gestión > Inicialización del sistema > Centro de implementación > Tareas de implementación > Ficha Gestión de datos > Copiar datos entre empresas;"ParentKey = 1001; ItemCode = A00001; Quantity = 2.000; Price = 500.00; DiscountPercent = 0.00; TaxCode = IVA15";;
mod24-c1;Caso Integrador: Puesta en Marcha;5;Asignar plantilla de cockpit;Herramientas > Cockpit > Seleccionar Plantilla de Cockpit;"Plantilla de Cockpit = Ventas; Descripción = Cockpit de Ventas estilo Fiori; Usuario = director; Activo = Sí";;
mod24-c1;Caso Integrador: Puesta en Marcha;6;Agregar widget de actividades;Herramientas > Cockpit > Configuración de Widget de Recuento;"Widget = Actividades; Posición = Superior izquierdo; Tipo = Funciones Comunes; Acceso directo = Sí; Usuario = director";;
mod24-c1;Caso Integrador: Puesta en Marcha;7;Buscar oferta por cliente;Herramientas > Consultas > Generador de Consultas;"Término de búsqueda = C20000; Fecha = 02/11/2026; Módulo = Ventas; Tipo de objeto = Oferta de Ventas";;
mod24-c2;Caso Integrador: Aprovisionamiento;5;Crear oferta de compra;Socios de Negocios > Datos Maestros Socio de Negocios;"Código socio de negocios = V10000; Fecha = 02/05/2026; Código de artículo = A00001; Cantidad = 10; Precio unitario = 850.00; Impuesto = 15";;
mod24-c2;Caso Integrador: Aprovisionamiento;6;Convertir oferta en pedido;Compras - Proveedores > Pedido;"Código socio de negocios = V10000; Fecha = 02/05/2026; Código de artículo = A00001; Cantidad = 10; Precio unitario = 850.00; Impuesto = 15";;
mod24-c2;Caso Integrador: Aprovisionamiento;7;Registrar entrada de mercancías;Compras - Proveedores > Entrada de Mercancías por Pedido;"Código socio de negocios = V10000; Fecha = 05/05/2026; Código de artículo = A00001; Cantidad = 10; Precio unitario = 850.00; Almacén = 01";;
mod24-c2;Caso Integrador: Aprovisionamiento;9;Registrar factura de proveedor;Compras - Proveedores > Factura de Proveedores;"Código socio de negocios = V10000; Fecha = 06/05/2026; Código de artículo = A00001; Cantidad = 10; Precio unitario = 850.00; Impuesto = 15";;
mod24-c2;Caso Integrador: Aprovisionamiento;11;Ejecutar pago al proveedor;Herramientas > Consultas > Generador de Consultas;"Código socio de negocios = V10000; Fecha = 10/05/2026; Banco = Banco Pichincha; Cuenta = Cta Corriente 210001; Valor = 9775.00; Método de pago = Transferencia";;
mod24-c3;Caso Integrador: Consultas SQL;5;Abrir Generador de Consultas;Herramientas > Consultas > Generador de Consultas;"Menú = Herramientas; Submenú = Consultas; Opción = Generador de Consultas";;
mod24-c3;Caso Integrador: Consultas SQL;6;Agregar tabla OCRD;Herramientas > Consultas > Generador de Consultas;"Nombre tabla = OCRD; Alias = OCRD; Campos visibles = CardCode, CardName, Balance";;
mod24-c3;Caso Integrador: Consultas SQL;7;Filtrar solo clientes;Herramientas > Consultas > Generador de Consultas;"Campo = CardType; Condición = igual a; Valor = C";;
mod24-c3;Caso Integrador: Consultas SQL;8;Agregar tabla OINV;Herramientas > Consultas > Generador de Consultas;"Nombre tabla = OINV; Alias = OINV; Campo clave = DocEntry";;
mod24-c3;Caso Integrador: Consultas SQL;9;Agregar tabla INV1;Herramientas > Consultas > Generador de Consultas;"Nombre tabla = INV1; Alias = INV1; Clave foránea = DocEntry";;
mod24-c3;Caso Integrador: Consultas SQL;10;Seleccionar campos del reporte;Herramientas > Consultas > Generador de Consultas;"Campo 1 = CardName; Campo 2 = DocTotal; Campo 3 = DocDate";;
mod24-c3;Caso Integrador: Consultas SQL;11;Filtrar facturas posteriores;Herramientas > Consultas > Generador de Consultas;"Campo = DocDate; Condición = mayor que; Valor = [%0]";;
mod24-c3;Caso Integrador: Consultas SQL;12;Filtrar facturas abiertas;Herramientas > Consultas > Generador de Consultas;"Campo = DocStatus; Condición = igual a; Valor = O";;
mod24-c3;Caso Integrador: Consultas SQL;14;Guardar consulta en Ventas;Herramientas > Consultas > Generador de Consultas;"Nombre consulta = Facturas Abiertas por Fecha; Categoría = Ventas; Descripción = Facturas O > [%0]";;
mod24-c3;Caso Integrador: Consultas SQL;15;Vincular consulta a alarma;Gestión > Alarmas > Gestión de Alarmas;"Nombre alarma = Límite de crédito superado; Consulta base = Facturas Abiertas por Fecha; Condición = Balance > CreditLine";;
mod24-c3;Caso Integrador: Consultas SQL;16;Programar notificación de alarma;Gestión > Alarmas > Gestión de Alarmas;"Periodicidad = Cada 2 horas; Responsable = Jefe de Crédito; Canal = Correo electrónico";;
mod24-c3;Caso Integrador: Consultas SQL;17;Agregar widget al Cockpit;Herramientas > Cockpit > Configuración de Widget de Recuento;"Tipo widget = Gráfico de barras; Origen datos = Consulta de ventas; Dimensión = SlpName; Métrica = SUM(DocTotal)";;
mod25-c1;Ficha del Empleado y Costo Laboral 2026;5;Crear al empleado Pedro Andrade;Recursos humanos > Datos maestros de empleado;"Nombre = Pedro; Apellido = Andrade; N° de cédula = 1704444445; Cargo = Asistente de Bodega; Sueldo mensual = 600.00; Fecha de ingreso = 01/05/2026";;
mod25-c1;Ficha del Empleado y Costo Laboral 2026;6;Ejecutar el rol de pagos de mayo de Pedro Andrade;Finanzas > Asiento;"Período = 2026-05; Empleado = Pedro Andrade; Días trabajados = 30; Sueldo mensual = 600.00; Neto a pagar = 543.30";;
mod25-c2;Rol de Pagos: Sueldo, Horas Extras y Descuentos;5;Ejecutar el rol de pagos de abril de María Gómez;Finanzas > Asiento;"Período = 2026-04; Empleado = E002; Días trabajados = 30; Horas extras 50 % = 10; Anticipo = 100,00";;
mod25-c2;Rol de Pagos: Sueldo, Horas Extras y Descuentos;7;Ejecutar el rol de pagos de mayo de Ana Silva;Finanzas > Asiento;"Período = 2026-05; Empleado = E004; Días trabajados = 30; Horas extras 50 % = 0; Horas extras 100 % = 0";;
mod25-c3;Décimos, Fondos de Reserva y Vacaciones;5;Ejecutar rol de Carlos López mayo;Finanzas > Asiento;"Período = 2026-05; Empleado = Carlos López; Días trabajados = 30; Horas extras 50 % = 0; Horas extras 100 % = 8; Anticipo = 0.00";;
mod25-c4;Contabilidad de la Nómina y Pago al IESS;7;Depositar el capital inicial en el banco;Gestión de bancos > Pagos recibidos > Pagos recibidos;"Banco = Banco Pichincha; Tipo = Depósito; Monto = 5000.00; Contrapartida = 3.01 Capital social; Fecha = 01/04/2026";;
mod25-c4;Contabilidad de la Nómina y Pago al IESS;8;Pagar sueldos netos por transferencia;Gestión de bancos > Pagos efectuados > Pagos efectuados;"Banco = Banco Pichincha; Monto = 845,57; Contrapartida = 2.1.05 Sueldos por pagar; Fecha = 30/04/2026; Referencia = Nómina abr-26";;
mod25-c4;Contabilidad de la Nómina y Pago al IESS;9;Pagar planilla del IESS;Gestión de bancos > Pagos efectuados > Pagos efectuados;"Banco = Banco Pichincha; Monto = 206,55; Contrapartida = 2.1.04 IESS por pagar; Fecha = 30/04/2026; Referencia = Planilla IESS abr-26";;
mod25-c5;Comisiones, Impuesto a la Renta de Empleados y Utilidades;5;Ejecutar el rol de pagos de junio de Juan Pérez con comisión;Finanzas > Asiento;"Período = 2026-06; Empleado = Juan Pérez; Días trabajados = 30; Comisión = 300.00";;
