Ruta de menú en SAP B1;Prácticas que la usan;Clases;¿Existe en tu versión? (SAP);Observación
Administración > Configuración > Compras > Costos de Importación;2;mod3-c5;;
Administración > Configuración > General > Gestor de Informes y Formatos;3;mod21-c2;;
Administración > Configuración > Inventario > Ciclos de Inventario;1;mod15-c4;;
Administración > Configuración > Inventario > Determinación del Recuento Cíclico;1;mod15-c4;;
Administración > Configuración > Inventario > Tipos de Paquete;1;mod14-c2;;
Administración > Configuración General > pestaña Inventario > sección Planificación;1;mod10-c2;;
Administración > Importación/Exportación de Datos > Importación de Datos > Importar desde Excel;3;mod12-c4;;
Administración > Inicialización del Sistema > Configuración General > Pestaña Servicios;1;mod21-c3;;
Administración > Inicialización del Sistema > Configuración de Documentos > Por Documento > Documento de Recuento de Inventario;1;mod15-c4;;
Administración > Inicialización del Sistema > Preferencias de Impresión > Por Documento;1;mod21-c3;;
Administración > Inicialización del Sistema > Saldos de Apertura > Saldo de Apertura de Cuentas G/L;2;mod23-c1, mod23-c3;;
Administración > Inicialización del Sistema > Saldos de Apertura > Saldo de Apertura de Socios de Negocio;2;mod23-c1, mod23-c3;;
Compras - Proveedores > Abono de Proveedores;2;mod13-c3;;
Compras - Proveedores > Asistente para Generación de Ofertas de Compra;1;mod13-c1;;
Compras - Proveedores > Devolución de Mercancías;1;mod13-c3;;
Compras - Proveedores > Entrada de Mercancías por Pedido;1;mod24-c2;;
Compras - Proveedores > Entrada de mercancías de pedido;1;mod3-c1;;
Compras - Proveedores > Factura de Proveedores;11;mod13-c2, mod19-c1, mod19-c2, mod19-c3, mod19-c6, mod24-c2;;
Compras - Proveedores > Factura de proveedores;6;mod3-c1, mod9-c2, mod19-c4, mod19-c7;;
Compras - Proveedores > Oferta de Compra;1;mod13-c1;;
Compras - Proveedores > Pedido;2;mod3-c1, mod24-c2;;
Compras - Proveedores > Pedido de Compras;1;mod13-c2;;
Compras - Proveedores > Solicitud de Compra;1;mod13-c1;;
Compras - Proveedores > Solicitud de Devolución de Mercancías;1;mod13-c3;;
Compras - proveedores > Factura de proveedores;1;mod9-c1;;
Finanzas > Activos Fijos > Ejecución de Amortización;1;mod9-c3;;
Finanzas > Activos fijos > Baja;1;mod9-c4;;
Finanzas > Activos fijos > Cambio de ejercicio;1;mod9-c3;;
Finanzas > Activos fijos > Datos maestros de activo;2;mod9-c2, mod9-c3;;
Finanzas > Activos fijos > Datos maestros de activo fijo > Casilla;1;mod9-c1;;
Finanzas > Asiento;7;mod7-c3, mod25-c1, mod25-c2, mod25-c3, mod25-c5;;
Finanzas > Asiento para ajuste de contabilidad de costes;1;mod14-c4;;
Finanzas > Contabilidad de costes > Centros de coste;1;mod18-c1;;
Finanzas > Contabilidad de costes > Dimensiones;2;mod18-c2;;
Finanzas > Contabilidad de costes > Informe de centro de coste;1;mod18-c2;;
Finanzas > Contabilidad de costes > Normas de reparto;1;mod18-c1;;
Finanzas > Definición del presupuesto > Presupuesto;1;mod18-c3;;
Finanzas > Detalles de cuenta de mayor;2;mod7-c1;;
Finanzas > Diferencias de tipo de cambio;1;mod17-c1;;
Finanzas > Documentos Preliminares;7;mod17-c3;;
Finanzas > Informes financieros > Contabilidad > Antigüedad > Antigüedad de créditos de clientes;1;mod8-c4;;
Finanzas > Informes financieros > Contabilidad > Antigüedad > Antigüedad de deudas de proveedores;1;mod8-c4;;
Finanzas > Informes financieros > Financiero > Balance;1;mod17-c4;;
Finanzas > Informes financieros > Financiero > Balance de sumas y saldos;1;mod17-c4;;
Finanzas > Informes financieros > Financiero > Estado de flujos de efectivo;1;mod17-c4;;
Finanzas > Informes financieros > Financiero > Pérdidas y ganancias;1;mod17-c4;;
Finanzas > Informes financieros > Informes de contabilidad de costes;1;mod18-c1;;
Finanzas > Informes financieros > Informes de presupuesto > Informe de presupuesto;1;mod18-c3;;
Finanzas > Plan de cuentas;2;mod7-c1, mod18-c1;;
Finanzas > Plan de cuentas > Cajón 6;1;mod7-c1;;
Finanzas > Plan de cuentas > Detalles de cuenta;2;mod14-c4, mod18-c3;;
Gestión > Alarmas > Gestión de Alarmas;2;mod24-c3;;
Gestión > Configuración > Finanzas > Determinación de cuentas de mayor;1;mod7-c2;;
Gestión > Configuración > General > Seguridad > Gestión de claves de acceso;1;mod21-c5;;
Gestión > Configuración > Interlocutores comerciales > Grupos de clientes;1;mod2-c1;;
Gestión > Configuración > Inventario > Grupos de artículos > ficha Finanzas;1;mod7-c2;;
Gestión > Definición > Finanzas > Activos fijos > Series de numeración;1;mod9-c1;;
Gestión > Definición > Finanzas > Determinación de cuentas de mayor > Criterios de determinación - Inventario;1;mod17-c2;;
Gestión > Definición > Finanzas > Determinación de cuentas de mayor > Reglas de determinación avanzada - Inventario;1;mod17-c2;;
Gestión > Definición > General > Grupos de usuarios;1;mod21-c5;;
Gestión > Definición > General > Usuarios;1;mod21-c5;;
Gestión > Definición > Gestión de bancos > Bancos propios;1;mod8-c2;;
Gestión > Definición > Gestión de bancos > Vías de pago;1;mod8-c2;;
Gestión > Definición > Interlocutores comerciales > Grupos de clientes / acreedores;1;mod5-c3;;
Gestión > Definición > Inventario > Almacenes;2;mod3-c2;;
Gestión > Definición > Inventario > Almacenes > Pestaña Ubicaciones > Validación de peso máximo;1;mod15-c2;;
Gestión > Definición > Inventario > Grupos de artículos;3;mod2-c2, mod2-c3, mod14-c3;;
Gestión > Definición > Inventario > Grupos de unidades de medida;1;mod14-c1;;
Gestión > Definición > Inventario > Ubicaciones > Subniveles de almacén;1;mod3-c3;;
Gestión > Definición > Inventario > Unidades de medida > Grupos de unidades de medida;1;mod2-c3;;
Gestión > Definición > Inventario > Unidades de medida > Unidades de medida;1;mod2-c3;;
Gestión > Gestión de alertas;3;mod12-c2, mod21-c6;;
Gestión > Inicialización del Sistema > Períodos Contables;3;mod7-c4;;
Gestión > Inicialización del sistema > Autorizaciones > Autorizaciones generales;2;mod21-c6;;
Gestión > Inicialización del sistema > Autorizaciones > Autorizaciones generales > Serie de numeración;1;mod21-c1;;
Gestión > Inicialización del sistema > Autorizaciones > Propiedad de datos > Autorizaciones de propiedad de datos;3;mod21-c4;;
Gestión > Inicialización del sistema > Centro de implementación > Tareas de implementación > Configurar parametrizaciones de empresa;2;mod23-c2;;
Gestión > Inicialización del sistema > Centro de implementación > Tareas de implementación > Ficha Gestión de datos > Copiar datos entre empresas;3;mod23-c4;;
Gestión > Inicialización del sistema > Configuración > Finanzas > Monedas;1;mod17-c1;;
Gestión > Inicialización del sistema > Detalles de la empresa;2;mod1-c1, mod19-c7;;
Gestión > Inicialización del sistema > Numeración de documento;4;mod21-c1;;
Gestión > Inicialización del sistema > Numeración de documentos > Asientos;1;mod14-c4;;
Gestión > Inicialización del sistema > Parametrizaciones generales;1;mod1-c4;;
Gestión > Inicialización del sistema > Parametrizaciones generales > Ficha Contabilidad de costes;2;mod14-c4, mod18-c2;;
Gestión > Inicialización del sistema > Parametrizaciones generales > Ficha IC;1;mod21-c4;;
Gestión > Inicialización del sistema > Parametrizaciones generales > Ficha Presupuesto;1;mod18-c3;;
Gestión > Inicialización del sistema > Parametrizaciones generales > Pestaña IC;1;mod12-c2;;
Gestión > Inicialización del sistema > Parametrizaciones generales > ficha Inventario > subficha Artículos;1;mod7-c2;;
Gestión > Inicialización del sistema > Procesos de autorización > Modelos de autorización;1;mod12-c2;;
Gestión > Seleccionar empresa;1;mod1-c2;;
Gestión > Seleccionar empresa > Nueva con el asistente;1;mod23-c2;;
Gestión > Transacciones periódicas > Modelos de transacciones periódicas;1;mod13-c2;;
Gestión > Utilidades > Comprobar numeración de documentos;1;mod21-c1;;
Gestión > Utilidades > Modelo de configuración de la IU;1;mod21-c3;;
Gestión de bancos > Asistente de pagos;5;mod8-c2, mod8-c5;;
Gestión de bancos > Depósitos > Depósito;1;mod8-c1;;
Gestión de bancos > Extractos de cuenta y reconciliaciones externas > Reconciliación;3;mod8-c3, mod8-c5;;
Gestión de bancos > Extractos de cuenta y reconciliaciones externas > Reconciliación manual;1;mod8-c3;;
Gestión de bancos > Extractos de cuenta y reconciliaciones externas > Tratamiento de extracto bancario;1;mod8-c3;;
Gestión de bancos > Pagos efectuados > Pagos efectuados;4;mod3-c1, mod8-c1, mod25-c4;;
Gestión de bancos > Pagos recibidos;2;mod4-c1, mod4-c3;;
Gestión de bancos > Pagos recibidos > Pagos recibidos;3;mod8-c1, mod25-c4;;
Herramientas > Cockpit > Configuración de Widget de Recuento;2;mod24-c1, mod24-c3;;
Herramientas > Cockpit > Gestión de Cockpit;1;mod1-c2;;
Herramientas > Cockpit > Seleccionar Plantilla de Cockpit;1;mod24-c1;;
Herramientas > Consultas > Generador de Consultas;15;mod12-c1, mod24-c1, mod24-c2, mod24-c3;;
Herramientas > Herramientas de customizing > Asistente de registro de objetos;1;mod22-c1;;
Herramientas > Herramientas de customizing > Campos definidos por el usuario - Gestión;6;mod12-c3, mod22-c1;;
Herramientas > Herramientas de customizing > Parametrizaciones;1;mod12-c3;;
Herramientas > Herramientas de customizing > Tablas definidas por el usuario - Configuración;1;mod22-c1;;
Herramientas > Informe de Excel y análisis interactivo;4;mod22-c2;;
Herramientas > Ventanas definidas por el usuario;1;mod22-c1;;
Interlocutores comerciales > Actividad;5;mod6-c1, mod6-c2;;
Interlocutores comerciales > Asistente de generación de campaña;1;mod6-c1;;
Interlocutores comerciales > Datos maestros de interlocutor comercial > Ficha Personas de contacto;1;mod21-c3;;
Interlocutores comerciales > Datos maestros interlocutor comercial;7;mod1-c3, mod2-c1, mod19-c2, mod19-c3, mod19-c5;;
Inventario > Artículos;2;mod6-c4, mod7-c2;;
Inventario > Datos maestros de artículo;7;mod1-c1, mod1-c3, mod2-c2;;
Inventario > Datos maestros de artículo > Pestaña Datos de inventario;1;mod14-c3;;
Inventario > Datos maestros de artículo > Pestaña Datos de inventario > Campo Peso;1;mod15-c2;;
Inventario > Datos maestros de artículo > Pestaña Datos de inventario > Método de valoración;1;mod3-c4;;
Inventario > Datos maestros de artículo > Pestaña Datos de planificación;4;mod10-c1, mod10-c3, mod10-c4;;
Inventario > Datos maestros de artículo > Pestaña General;1;mod2-c3;;
Inventario > Datos maestros de artículo > Pestañas Compras / Ventas / Inventario;1;mod14-c1;;
Inventario > Gestión de artículos > Números de serie > Gestión de números de serie;1;mod3-c4;;
Inventario > Grupos de recurso;1;mod20-c1;;
Inventario > Informes de Inventario > Informe de Auditoría de Inventario de Lotes/Series;1;mod3-c4;;
Inventario > Informes de inventario > Lista de contenido de la ubicación;4;mod3-c3, mod15-c1, mod15-c3;;
Inventario > Informes de inventario > Lista de ubicaciones;2;mod15-c3;;
Inventario > Listas de precios > Asistente para actualización de precios;1;mod5-c1;;
Inventario > Listas de precios > Listas de precios;7;mod2-c4, mod5-c1, mod5-c2;;
Inventario > Listas de precios > Precios especiales > Actualización global de precios especiales;1;mod5-c4;;
Inventario > Listas de precios > Precios especiales > Descuentos por período y cantidad;4;mod2-c4, mod5-c2;;
Inventario > Listas de precios > Precios especiales > Grupos de descuento;3;mod5-c3;;
Inventario > Listas de precios > Precios especiales > Precios especiales para interlocutores comerciales;2;mod5-c4;;
Inventario > Operaciones de inventario > Recuento de inventario > Contabilización de inventario;1;mod15-c4;;
Inventario > Operaciones de inventario > Recuento de inventario > Recuento de inventario;1;mod15-c4;;
Inventario > Operaciones de stock > Entrada de mercancías;1;mod3-c2;;
Inventario > Operaciones de stock > Salida de mercancías;1;mod3-c2;;
Inventario > Operaciones de stock > Solicitud de traslado;1;mod16-c2;;
Inventario > Operaciones de stock > Traslado de inventario;1;mod16-c2;;
Inventario > Picking y embalaje > Gestor de picking y embalaje;3;mod16-c1;;
Inventario > Preparación y Embalaje > Gestor de Preparación;1;mod16-c2;;
Inventario > Revalorización de inventario;1;mod14-c3;;
Inventario > Transacciones de Inventario > Previsión;1;mod10-c2;;
Inventario > Transacciones de Inventario > Saldo de Apertura del Inventario;1;mod23-c3;;
Inventario > Ubicaciones > Datos maestros de ubicación > Campos Peso de artículo y Peso máximo;1;mod15-c2;;
Inventario > Ubicaciones > Gestión de códigos de subniveles de almacén;1;mod3-c3;;
MRP > Asistente de Ejecución de MRP;1;mod10-c2;;
Planificación de necesidades > Asistente MRP;3;mod10-c3, mod10-c4;;
Planificación de necesidades > Asistente de planificación de necesidades;3;mod10-c1, mod10-c4;;
Planificación de necesidades > Recomendaciones de pedido;2;mod10-c1, mod10-c4;;
Producción > Emisión para producción;1;mod11-c3;;
Producción > Gestión del Costo Estándar de Producción > Actualización del Costo Estándar de Producción;1;mod11-c3;;
Producción > Lista de materiales;4;mod11-c1;;
Producción > Orden de producción;4;mod11-c1, mod11-c2;;
Producción > Orden de producción > Menú contextual > Enviar componentes;3;mod20-c3;;
Producción > Recibo de producción;2;mod11-c1, mod11-c3;;
Recursos > Capacidad de recursos;1;mod20-c2;;
Recursos > Datos maestros del recurso;3;mod20-c1;;
Recursos > Fijar capacidades internas diarias;2;mod20-c2;;
Recursos humanos > Datos maestros de empleado;2;mod21-c4, mod25-c1;;
Recursos humanos > Hoja de tiempos;1;mod11-c4;;
Servicio > Contrato de servicio;1;mod6-c4;;
Servicio > Llamada de servicio;3;mod6-c3, mod6-c4;;
Socios de Negocios > Datos Maestros Socio de Negocios;1;mod24-c2;;
Socios de Negocios > Reconciliación Interna > Reconciliación;1;mod8-c3;;
Socios de negocios > Datos maestros de socios de negocios;1;mod1-c4;;
Ventas - Clientes > Abono de clientes;1;mod4-c4;;
Ventas - Clientes > Asistente de creación de documentos;1;mod4-c2;;
Ventas - Clientes > Asistente de reclamaciones;1;mod8-c4;;
Ventas - Clientes > Devolución;1;mod4-c4;;
Ventas - Clientes > Entrega;3;mod4-c1, mod4-c3, mod19-c6;;
Ventas - Clientes > Factura de clientes;4;mod4-c1, mod4-c3, mod9-c4, mod17-c2;;
Ventas - Clientes > Oferta de ventas;2;mod6-c1, mod6-c2;;
Ventas - Clientes > Pedido de cliente;5;mod4-c1, mod4-c2, mod4-c3;;
Ventas - Clientes > Solicitud de devolución;1;mod4-c4;;
Ventas > Impresión de Documentos A/R;1;mod21-c3;;
